/home/egoodman/multitaskmodel/data/surgical_signatures/thyroidectomies/vid-2056-frame-1078.jpg,36,1,178,155,bovie
/home/egoodman/multitaskmodel/data/surgical_signatures/thyroidectomies/vid-394-frame-5580.jpg,226,123,419,197,bovie
/home/egoodman/multitaskmodel/data/surgical_signatures/thyroidectomies/vid-394-frame-21600.jpg,191,0,281,91,bovie
/home/egoodman/multitaskmodel/data/surgical_signatures/thyroidectomies/vid-542-frame-2618.jpg,60,16,198,136,bovie
/home/egoodman/multitaskmodel/data/surgical_signatures/thyroidectomies/vid-1023-frame-24475.jpg,131,87,303,214,bovie
/home/egoodman/multitaskmodel/data/surgical_signatures/thyroidectomies/vid-2056-frame-9604.jpg,86,7,231,166,bovie
/home/egoodman/multitaskmodel/data/surgical_signatures/thyroidectomies/vid-394-frame-14040.jpg,23,11,216,97,bovie
/home/egoodman/multitaskmodel/data/surgical_signatures/thyroidectomies/vid-1886-frame-14430.jpg,132,59,238,112,bovie
/home/egoodman/multitaskmodel/data/surgical_signatures/thyroidectomies/vid-125-frame-10520.jpg,250,13,410,102,bovie
/home/egoodman/multitaskmodel/data/surgical_signatures/thyroidectomies/vid-1454-frame-37376.jpg,162,23,241,226,bovie
/home/egoodman/multitaskmodel/data/surgical_signatures/thyroidectomies/vid-194-frame-8686.jpg,185,10,368,118,bovie
/home/egoodman/multitaskmodel/data/surgical_signatures/thyroidectomies/vid-2004-frame-6123.jpg,191,25,297,125,bovie
/home/egoodman/multitaskmodel/data/surgical_signatures/thyroidectomies/vid-666-frame-2028.jpg,222,24,390,121,bovie
/home/egoodman/multitaskmodel/data/surgical_signatures/thyroidectomies/vid-28-frame-19901.jpg,170,0,238,108,bovie
/home/egoodman/multitaskmodel/data/surgical_signatures/thyroidectomies/vid-1143-frame-2832.jpg,257,1,366,129,bovie
/home/egoodman/multitaskmodel/data/surgical_signatures/thyroidectomies/vid-375-frame-696.jpg,72,59,258,149,bovie
/home/egoodman/multitaskmodel/data/surgical_signatures/thyroidectomies/vid-2056-frame-3920.jpg,21,30,143,148,bovie
/home/egoodman/multitaskmodel/data/surgical_signatures/thyroidectomies/vid-1493-frame-10258.jpg,32,97,197,233,bovie
/home/egoodman/multitaskmodel/data/surgical_signatures/thyroidectomies/vid-569-frame-3450.jpg,268,65,365,219,bovie
/home/egoodman/multitaskmodel/data/surgical_signatures/thyroidectomies/vid-569-frame-3335.jpg,158,106,341,218,bovie
/home/egoodman/multitaskmodel/data/surgical_signatures/thyroidectomies/vid-394-frame-6480.jpg,201,6,292,123,bovie
/home/egoodman/multitaskmodel/data/surgical_signatures/thyroidectomies/vid-394-frame-13860.jpg,69,2,249,97,bovie
/home/egoodman/multitaskmodel/data/surgical_signatures/thyroidectomies/vid-1139-frame-4356.jpg,229,14,412,96,bovie
/home/egoodman/multitaskmodel/data/surgical_signatures/thyroidectomies/vid-2004-frame-15700.jpg,210,71,374,158,bovie
/home/egoodman/multitaskmodel/data/surgical_signatures/thyroidectomies/vid-194-frame-2929.jpg,287,1,414,87,bovie
/home/egoodman/multitaskmodel/data/surgical_signatures/thyroidectomies/vid-2056-frame-2058.jpg,19,55,216,128,bovie
/home/egoodman/multitaskmodel/data/surgical_signatures/thyroidectomies/vid-2004-frame-5809.jpg,162,40,347,154,bovie
/home/egoodman/multitaskmodel/data/surgical_signatures/thyroidectomies/vid-1454-frame-23652.jpg,45,6,133,120,bovie
/home/egoodman/multitaskmodel/data/surgical_signatures/thyroidectomies/vid-666-frame-19656.jpg,76,23,179,204,bovie
/home/egoodman/multitaskmodel/data/surgical_signatures/thyroidectomies/vid-1557-frame-7440.jpg,0,13,168,136,bovie
/home/egoodman/multitaskmodel/data/surgical_signatures/thyroidectomies/vid-1531-frame-1482.jpg,141,57,316,143,bovie
/home/egoodman/multitaskmodel/data/surgical_signatures/thyroidectomies/vid-2004-frame-13502.jpg,202,36,366,104,bovie
/home/egoodman/multitaskmodel/data/surgical_signatures/thyroidectomies/vid-394-frame-15840.jpg,203,25,380,108,bovie
/home/egoodman/multitaskmodel/data/surgical_signatures/thyroidectomies/vid-190-frame-3560.jpg,216,0,319,151,bovie
/home/egoodman/multitaskmodel/data/surgical_signatures/thyroidectomies/vid-1454-frame-2336.jpg,238,69,412,153,bovie
/home/egoodman/multitaskmodel/data/surgical_signatures/thyroidectomies/vid-375-frame-4466.jpg,134,12,277,177,bovie
/home/egoodman/multitaskmodel/data/surgical_signatures/thyroidectomies/vid-652-frame-1183.jpg,180,116,281,185,bovie
/home/egoodman/multitaskmodel/data/surgical_signatures/thyroidectomies/vid-1557-frame-6960.jpg,35,90,127,214,bovie
/home/egoodman/multitaskmodel/data/surgical_signatures/thyroidectomies/vid-666-frame-1248.jpg,241,2,366,119,bovie
/home/egoodman/multitaskmodel/data/surgical_signatures/thyroidectomies/vid-1023-frame-22275.jpg,71,56,255,157,bovie
/home/egoodman/multitaskmodel/data/surgical_signatures/thyroidectomies/vid-2056-frame-7448.jpg,56,81,287,172,bovie
/home/egoodman/multitaskmodel/data/surgical_signatures/thyroidectomies/vid-2004-frame-10205.jpg,237,44,395,118,bovie
/home/egoodman/multitaskmodel/data/surgical_signatures/thyroidectomies/vid-569-frame-920.jpg,200,6,350,103,bovie
/home/egoodman/multitaskmodel/data/surgical_signatures/thyroidectomies/vid-2004-frame-3611.jpg,33,43,199,122,bovie
/home/egoodman/multitaskmodel/data/surgical_signatures/thyroidectomies/vid-1454-frame-28324.jpg,207,0,300,119,bovie
/home/egoodman/multitaskmodel/data/surgical_signatures/thyroidectomies/vid-352-frame-3784.jpg,212,37,390,111,bovie
/home/egoodman/multitaskmodel/data/surgical_signatures/thyroidectomies/vid-569-frame-3565.jpg,225,94,338,221,bovie
/home/egoodman/multitaskmodel/data/surgical_signatures/thyroidectomies/vid-1871-frame-1701.jpg,23,110,249,194,bovie
/home/egoodman/multitaskmodel/data/surgical_signatures/thyroidectomies/vid-24-frame-10068.jpg,82,75,226,212,bovie
/home/egoodman/multitaskmodel/data/surgical_signatures/thyroidectomies/vid-2046-frame-14700.jpg,106,7,260,166,bovie
/home/egoodman/multitaskmodel/data/surgical_signatures/thyroidectomies/vid-2056-frame-13720.jpg,19,15,183,97,bovie
/home/egoodman/multitaskmodel/data/surgical_signatures/thyroidectomies/vid-72-frame-19512.jpg,171,0,291,73,bovie
/home/egoodman/multitaskmodel/data/surgical_signatures/thyroidectomies/vid-194-frame-1152.jpg,56,21,194,147,bovie
/home/egoodman/multitaskmodel/data/surgical_signatures/thyroidectomies/vid-352-frame-15136.jpg,254,48,376,101,bovie
/home/egoodman/multitaskmodel/data/surgical_signatures/thyroidectomies/vid-129-frame-1698.jpg,30,3,124,162,bovie
/home/egoodman/multitaskmodel/data/surgical_signatures/thyroidectomies/vid-331-frame-5112.jpg,194,11,324,146,bovie
/home/egoodman/multitaskmodel/data/surgical_signatures/thyroidectomies/vid-1283-frame-7372.jpg,71,15,148,159,bovie
/home/egoodman/multitaskmodel/data/surgical_signatures/thyroidectomies/vid-1531-frame-741.jpg,60,60,160,204,bovie
/home/egoodman/multitaskmodel/data/surgical_signatures/thyroidectomies/vid-723-frame-9450.jpg,233,40,406,111,bovie
/home/egoodman/multitaskmodel/data/surgical_signatures/thyroidectomies/vid-394-frame-21420.jpg,146,0,201,94,bovie
/home/egoodman/multitaskmodel/data/surgical_signatures/thyroidectomies/vid-2004-frame-19782.jpg,254,55,395,98,bovie
/home/egoodman/multitaskmodel/data/surgical_signatures/thyroidectomies/vid-1531-frame-13338.jpg,57,81,190,210,bovie
/home/egoodman/multitaskmodel/data/surgical_signatures/thyroidectomies/vid-1143-frame-1121.jpg,228,0,326,95,bovie
/home/egoodman/multitaskmodel/data/surgical_signatures/thyroidectomies/vid-2046-frame-23520.jpg,236,0,296,99,bovie
/home/egoodman/multitaskmodel/data/surgical_signatures/thyroidectomies/vid-569-frame-2990.jpg,131,100,317,193,bovie
/home/egoodman/multitaskmodel/data/surgical_signatures/thyroidectomies/vid-68-frame-4224.jpg,142,26,261,204,bovie
/home/egoodman/multitaskmodel/data/surgical_signatures/thyroidectomies/vid-723-frame-10675.jpg,276,32,416,197,bovie
/home/egoodman/multitaskmodel/data/surgical_signatures/thyroidectomies/vid-194-frame-7272.jpg,0,17,189,118,bovie
/home/egoodman/multitaskmodel/data/surgical_signatures/thyroidectomies/vid-1454-frame-584.jpg,68,129,275,201,bovie
/home/egoodman/multitaskmodel/data/surgical_signatures/thyroidectomies/vid-1875-frame-8580.jpg,152,0,314,129,bovie
/home/egoodman/multitaskmodel/data/surgical_signatures/thyroidectomies/vid-43-frame-2380.jpg,118,81,375,193,bovie
/home/egoodman/multitaskmodel/data/surgical_signatures/thyroidectomies/vid-68-frame-2288.jpg,145,138,315,224,bovie
/home/egoodman/multitaskmodel/data/surgical_signatures/thyroidectomies/vid-3-frame-5428.jpg,132,20,231,188,bovie
/home/egoodman/multitaskmodel/data/surgical_signatures/thyroidectomies/vid-1493-frame-10704.jpg,54,80,242,224,bovie
/home/egoodman/multitaskmodel/data/surgical_signatures/thyroidectomies/vid-2056-frame-10780.jpg,108,26,285,118,bovie
/home/egoodman/multitaskmodel/data/surgical_signatures/thyroidectomies/vid-2004-frame-8321.jpg,221,30,365,122,bovie
/home/egoodman/multitaskmodel/data/surgical_signatures/thyroidectomies/vid-652-frame-11830.jpg,272,31,432,110,bovie
/home/egoodman/multitaskmodel/data/surgical_signatures/thyroidectomies/vid-234-frame-3950.jpg,160,1,379,136,bovie
/home/egoodman/multitaskmodel/data/surgical_signatures/thyroidectomies/vid-190-frame-3026.jpg,249,3,364,143,bovie
/home/egoodman/multitaskmodel/data/surgical_signatures/thyroidectomies/vid-1143-frame-3540.jpg,214,0,314,136,bovie
/home/egoodman/multitaskmodel/data/surgical_signatures/thyroidectomies/vid-194-frame-1728.jpg,18,2,107,106,bovie
/home/egoodman/multitaskmodel/data/surgical_signatures/thyroidectomies/vid-138-frame-7410.jpg,47,24,131,159,bovie
/home/egoodman/multitaskmodel/data/surgical_signatures/thyroidectomies/vid-2004-frame-21823.jpg,249,25,347,128,bovie
/home/egoodman/multitaskmodel/data/surgical_signatures/thyroidectomies/vid-1139-frame-4422.jpg,233,8,395,136,bovie
/home/egoodman/multitaskmodel/data/surgical_signatures/thyroidectomies/vid-274-frame-13356.jpg,91,111,187,212,bovie
/home/egoodman/multitaskmodel/data/surgical_signatures/thyroidectomies/vid-125-frame-20514.jpg,135,107,216,185,bovie
/home/egoodman/multitaskmodel/data/surgical_signatures/thyroidectomies/vid-652-frame-1274.jpg,164,126,258,219,bovie
/home/egoodman/multitaskmodel/data/surgical_signatures/thyroidectomies/vid-194-frame-303.jpg,42,122,263,223,bovie
/home/egoodman/multitaskmodel/data/surgical_signatures/thyroidectomies/vid-1557-frame-30720.jpg,179,24,317,94,bovie
/home/egoodman/multitaskmodel/data/surgical_signatures/thyroidectomies/vid-2004-frame-13188.jpg,154,70,367,144,bovie
/home/egoodman/multitaskmodel/data/surgical_signatures/thyroidectomies/vid-1531-frame-5928.jpg,89,95,294,170,bovie
/home/egoodman/multitaskmodel/data/surgical_signatures/thyroidectomies/vid-207-frame-2170.jpg,19,68,89,138,bovie
/home/egoodman/multitaskmodel/data/surgical_signatures/thyroidectomies/vid-652-frame-11921.jpg,178,0,324,135,bovie
/home/egoodman/multitaskmodel/data/surgical_signatures/thyroidectomies/vid-375-frame-638.jpg,64,49,253,134,bovie
/home/egoodman/multitaskmodel/data/surgical_signatures/thyroidectomies/vid-1283-frame-9506.jpg,125,112,303,187,bovie
/home/egoodman/multitaskmodel/data/surgical_signatures/thyroidectomies/vid-219-frame-9021.jpg,121,87,287,163,bovie
/home/egoodman/multitaskmodel/data/surgical_signatures/thyroidectomies/vid-751-frame-1692.jpg,25,0,123,153,bovie
/home/egoodman/multitaskmodel/data/surgical_signatures/thyroidectomies/vid-394-frame-14220.jpg,34,96,229,159,bovie
/home/egoodman/multitaskmodel/data/surgical_signatures/thyroidectomies/vid-652-frame-1365.jpg,175,142,239,242,bovie
/home/egoodman/multitaskmodel/data/surgical_signatures/thyroidectomies/vid-375-frame-4582.jpg,79,79,226,231,bovie
/home/egoodman/multitaskmodel/data/surgical_signatures/thyroidectomies/vid-1454-frame-22192.jpg,181,51,399,126,bovie
/home/egoodman/multitaskmodel/data/surgical_signatures/thyroidectomies/vid-36-frame-7296.jpg,0,6,187,109,bovie
/home/egoodman/multitaskmodel/data/surgical_signatures/thyroidectomies/vid-2004-frame-19311.jpg,216,146,385,206,bovie
/home/egoodman/multitaskmodel/data/surgical_signatures/thyroidectomies/vid-68-frame-4928.jpg,23,72,207,231,bovie
/home/egoodman/multitaskmodel/data/surgical_signatures/thyroidectomies/vid-1871-frame-7560.jpg,0,97,228,223,bovie
/home/egoodman/multitaskmodel/data/surgical_signatures/thyroidectomies/vid-332-frame-16318.jpg,123,21,242,149,bovie
/home/egoodman/multitaskmodel/data/surgical_signatures/thyroidectomies/vid-194-frame-7171.jpg,48,6,224,101,bovie
/home/egoodman/multitaskmodel/data/surgical_signatures/thyroidectomies/vid-364-frame-7696.jpg,0,113,171,190,bovie
/home/egoodman/multitaskmodel/data/surgical_signatures/thyroidectomies/vid-2004-frame-3925.jpg,283,62,390,114,bovie
/home/egoodman/multitaskmodel/data/surgical_signatures/thyroidectomies/vid-2056-frame-1666.jpg,35,94,274,167,bovie
/home/egoodman/multitaskmodel/data/surgical_signatures/thyroidectomies/vid-765-frame-5244.jpg,77,106,254,232,bovie
/home/egoodman/multitaskmodel/data/surgical_signatures/thyroidectomies/vid-17-frame-2635.jpg,233,35,285,148,bovie
/home/egoodman/multitaskmodel/data/surgical_signatures/thyroidectomies/vid-68-frame-4576.jpg,70,91,236,238,bovie
/home/egoodman/multitaskmodel/data/surgical_signatures/thyroidectomies/vid-115-frame-17353.jpg,183,116,365,228,bovie
/home/egoodman/multitaskmodel/data/surgical_signatures/thyroidectomies/vid-1454-frame-3796.jpg,120,52,310,125,bovie
/home/egoodman/multitaskmodel/data/surgical_signatures/thyroidectomies/vid-751-frame-20116.jpg,54,106,247,176,bovie
/home/egoodman/multitaskmodel/data/surgical_signatures/thyroidectomies/vid-2004-frame-2041.jpg,72,96,284,157,bovie
/home/egoodman/multitaskmodel/data/surgical_signatures/thyroidectomies/vid-542-frame-18513.jpg,57,49,248,158,bovie
/home/egoodman/multitaskmodel/data/surgical_signatures/thyroidectomies/vid-279-frame-23072.jpg,0,100,197,172,bovie
/home/egoodman/multitaskmodel/data/surgical_signatures/thyroidectomies/vid-352-frame-8987.jpg,105,36,254,141,bovie
/home/egoodman/multitaskmodel/data/surgical_signatures/thyroidectomies/vid-696-frame-2376.jpg,149,0,207,125,bovie
/home/egoodman/multitaskmodel/data/surgical_signatures/thyroidectomies/vid-1454-frame-35624.jpg,146,144,221,230,bovie
/home/egoodman/multitaskmodel/data/surgical_signatures/thyroidectomies/vid-125-frame-9468.jpg,231,27,388,90,bovie
/home/egoodman/multitaskmodel/data/surgical_signatures/thyroidectomies/vid-1454-frame-7008.jpg,10,89,217,164,bovie
/home/egoodman/multitaskmodel/data/surgical_signatures/thyroidectomies/vid-364-frame-2072.jpg,54,44,285,114,bovie
/home/egoodman/multitaskmodel/data/surgical_signatures/thyroidectomies/vid-352-frame-10406.jpg,256,26,395,87,bovie
/home/egoodman/multitaskmodel/data/surgical_signatures/thyroidectomies/vid-190-frame-890.jpg,153,0,290,135,bovie
/home/egoodman/multitaskmodel/data/surgical_signatures/thyroidectomies/vid-1454-frame-39712.jpg,111,104,239,235,bovie
/home/egoodman/multitaskmodel/data/surgical_signatures/thyroidectomies/vid-1143-frame-2006.jpg,153,9,246,163,bovie
/home/egoodman/multitaskmodel/data/surgical_signatures/thyroidectomies/vid-569-frame-8165.jpg,187,2,367,120,bovie
/home/egoodman/multitaskmodel/data/surgical_signatures/thyroidectomies/vid-242-frame-1298.jpg,5,35,166,113,bovie
/home/egoodman/multitaskmodel/data/surgical_signatures/thyroidectomies/vid-801-frame-1755.jpg,43,13,124,119,bovie
/home/egoodman/multitaskmodel/data/surgical_signatures/thyroidectomies/vid-31-frame-2369.jpg,73,74,252,138,bovie
/home/egoodman/multitaskmodel/data/surgical_signatures/thyroidectomies/vid-364-frame-7992.jpg,41,65,302,159,bovie
/home/egoodman/multitaskmodel/data/surgical_signatures/thyroidectomies/vid-1454-frame-29492.jpg,164,0,223,109,bovie
/home/egoodman/multitaskmodel/data/surgical_signatures/thyroidectomies/vid-36-frame-8512.jpg,188,40,355,133,bovie
/home/egoodman/multitaskmodel/data/surgical_signatures/thyroidectomies/vid-2004-frame-12874.jpg,174,69,364,152,bovie
/home/egoodman/multitaskmodel/data/surgical_signatures/thyroidectomies/vid-1531-frame-17043.jpg,73,106,200,214,bovie
/home/egoodman/multitaskmodel/data/surgical_signatures/thyroidectomies/vid-234-frame-2528.jpg,148,84,417,185,bovie
/home/egoodman/multitaskmodel/data/surgical_signatures/thyroidectomies/vid-352-frame-19393.jpg,212,117,404,179,bovie
/home/egoodman/multitaskmodel/data/surgical_signatures/thyroidectomies/vid-364-frame-1776.jpg,0,95,186,173,bovie
/home/egoodman/multitaskmodel/data/surgical_signatures/thyroidectomies/vid-1143-frame-2950.jpg,227,5,352,148,bovie
/home/egoodman/multitaskmodel/data/surgical_signatures/thyroidectomies/vid-207-frame-5115.jpg,52,69,110,138,bovie
/home/egoodman/multitaskmodel/data/surgical_signatures/thyroidectomies/vid-652-frame-1547.jpg,145,101,223,174,bovie
/home/egoodman/multitaskmodel/data/surgical_signatures/thyroidectomies/vid-2056-frame-7840.jpg,0,29,147,122,bovie
/home/egoodman/multitaskmodel/data/surgical_signatures/thyroidectomies/vid-2046-frame-11340.jpg,121,97,304,230,bovie
/home/egoodman/multitaskmodel/data/surgical_signatures/thyroidectomies/vid-266-frame-10065.jpg,81,74,225,212,bovie
/home/egoodman/multitaskmodel/data/surgical_signatures/thyroidectomies/vid-2056-frame-2254.jpg,10,42,232,120,bovie
/home/egoodman/multitaskmodel/data/surgical_signatures/thyroidectomies/vid-2004-frame-5966.jpg,179,39,358,169,bovie
/home/egoodman/multitaskmodel/data/surgical_signatures/thyroidectomies/vid-364-frame-1184.jpg,46,7,158,150,bovie
/home/egoodman/multitaskmodel/data/surgical_signatures/thyroidectomies/vid-2056-frame-8036.jpg,115,26,284,98,bovie
/home/egoodman/multitaskmodel/data/surgical_signatures/thyroidectomies/vid-2004-frame-9106.jpg,101,56,243,205,bovie
/home/egoodman/multitaskmodel/data/surgical_signatures/thyroidectomies/vid-352-frame-12771.jpg,164,73,360,154,bovie
/home/egoodman/multitaskmodel/data/surgical_signatures/thyroidectomies/vid-234-frame-1738.jpg,176,97,396,210,bovie
/home/egoodman/multitaskmodel/data/surgical_signatures/thyroidectomies/vid-207-frame-1395.jpg,0,50,89,108,bovie
/home/egoodman/multitaskmodel/data/surgical_signatures/thyroidectomies/vid-2004-frame-8478.jpg,229,46,382,134,bovie
/home/egoodman/multitaskmodel/data/surgical_signatures/thyroidectomies/vid-1875-frame-792.jpg,60,97,244,222,bovie
/home/egoodman/multitaskmodel/data/surgical_signatures/thyroidectomies/vid-1557-frame-23040.jpg,0,126,192,199,bovie
/home/egoodman/multitaskmodel/data/surgical_signatures/thyroidectomies/vid-1192-frame-3430.jpg,150,11,220,105,bovie
/home/egoodman/multitaskmodel/data/surgical_signatures/thyroidectomies/vid-394-frame-20880.jpg,119,0,181,93,bovie
/home/egoodman/multitaskmodel/data/surgical_signatures/thyroidectomies/vid-234-frame-2054.jpg,174,69,408,200,bovie
/home/egoodman/multitaskmodel/data/surgical_signatures/thyroidectomies/vid-1454-frame-42632.jpg,3,0,119,127,bovie
/home/egoodman/multitaskmodel/data/surgical_signatures/thyroidectomies/vid-652-frame-1638.jpg,144,131,224,216,bovie
/home/egoodman/multitaskmodel/data/surgical_signatures/thyroidectomies/vid-332-frame-796.jpg,61,95,242,219,bovie
/home/egoodman/multitaskmodel/data/surgical_signatures/thyroidectomies/vid-188-frame-1791.jpg,152,114,212,233,bovie
/home/egoodman/multitaskmodel/data/surgical_signatures/thyroidectomies/vid-68-frame-4400.jpg,124,26,273,180,bovie
/home/egoodman/multitaskmodel/data/surgical_signatures/thyroidectomies/vid-1139-frame-1452.jpg,164,79,240,238,bovie
/home/egoodman/multitaskmodel/data/surgical_signatures/thyroidectomies/vid-2029-frame-11266.jpg,105,22,167,140,bovie
/home/egoodman/multitaskmodel/data/surgical_signatures/thyroidectomies/vid-801-frame-5005.jpg,51,35,104,160,bovie
/home/egoodman/multitaskmodel/data/surgical_signatures/thyroidectomies/vid-2004-frame-9420.jpg,134,36,308,151,bovie
/home/egoodman/multitaskmodel/data/surgical_signatures/thyroidectomies/vid-2046-frame-27720.jpg,0,121,191,201,bovie
/home/egoodman/multitaskmodel/data/surgical_signatures/thyroidectomies/vid-375-frame-2320.jpg,151,130,316,224,bovie
/home/egoodman/multitaskmodel/data/surgical_signatures/thyroidectomies/vid-1557-frame-4080.jpg,4,134,159,219,bovie
/home/egoodman/multitaskmodel/data/surgical_signatures/thyroidectomies/vid-17-frame-2108.jpg,135,79,256,210,bovie
/home/egoodman/multitaskmodel/data/surgical_signatures/thyroidectomies/vid-723-frame-8925.jpg,280,48,404,103,bovie
/home/egoodman/multitaskmodel/data/surgical_signatures/thyroidectomies/vid-1164-frame-4608.jpg,37,41,129,206,bovie
/home/egoodman/multitaskmodel/data/surgical_signatures/thyroidectomies/vid-1283-frame-1164.jpg,5,81,183,179,bovie
/home/egoodman/multitaskmodel/data/surgical_signatures/thyroidectomies/vid-15-frame-3568.jpg,217,0,321,142,bovie
/home/egoodman/multitaskmodel/data/surgical_signatures/thyroidectomies/vid-2004-frame-20567.jpg,57,49,267,162,bovie
/home/egoodman/multitaskmodel/data/surgical_signatures/thyroidectomies/vid-2004-frame-2826.jpg,118,101,313,177,bovie
/home/egoodman/multitaskmodel/data/surgical_signatures/thyroidectomies/vid-1143-frame-3009.jpg,243,1,362,144,bovie
/home/egoodman/multitaskmodel/data/surgical_signatures/thyroidectomies/vid-2056-frame-7938.jpg,32,47,239,147,bovie
/home/egoodman/multitaskmodel/data/surgical_signatures/thyroidectomies/vid-1164-frame-1792.jpg,21,4,89,99,bovie
/home/egoodman/multitaskmodel/data/surgical_signatures/thyroidectomies/vid-293-frame-3920.jpg,132,4,281,124,bovie
/home/egoodman/multitaskmodel/data/surgical_signatures/thyroidectomies/vid-2004-frame-6908.jpg,246,23,357,149,bovie
/home/egoodman/multitaskmodel/data/surgical_signatures/thyroidectomies/vid-352-frame-6622.jpg,224,29,338,169,bovie
/home/egoodman/multitaskmodel/data/surgical_signatures/thyroidectomies/vid-569-frame-2875.jpg,129,115,341,201,bovie
/home/egoodman/multitaskmodel/data/surgical_signatures/thyroidectomies/vid-5-frame-3466.jpg,279,71,377,225,bovie
/home/egoodman/multitaskmodel/data/surgical_signatures/thyroidectomies/vid-375-frame-4408.jpg,123,23,276,182,bovie
/home/egoodman/multitaskmodel/data/surgical_signatures/thyroidectomies/vid-1875-frame-396.jpg,99,71,236,194,bovie
/home/egoodman/multitaskmodel/data/surgical_signatures/thyroidectomies/vid-1223-frame-5151.jpg,39,70,94,141,bovie
/home/egoodman/multitaskmodel/data/surgical_signatures/thyroidectomies/vid-652-frame-1092.jpg,181,127,282,218,bovie
/home/egoodman/multitaskmodel/data/surgical_signatures/thyroidectomies/vid-1283-frame-4365.jpg,94,13,229,151,bovie
/home/egoodman/multitaskmodel/data/surgical_signatures/thyroidectomies/vid-1192-frame-2450.jpg,75,15,175,119,bovie
/home/egoodman/multitaskmodel/data/surgical_signatures/thyroidectomies/vid-696-frame-4752.jpg,291,0,385,164,bovie
/home/egoodman/multitaskmodel/data/surgical_signatures/thyroidectomies/vid-352-frame-6149.jpg,170,16,302,121,bovie
/home/egoodman/multitaskmodel/data/surgical_signatures/thyroidectomies/vid-8-frame-1630.jpg,41,30,203,132,bovie
/home/egoodman/multitaskmodel/data/surgical_signatures/thyroidectomies/vid-1143-frame-2891.jpg,243,0,364,135,bovie
/home/egoodman/multitaskmodel/data/surgical_signatures/thyroidectomies/vid-254-frame-35998.jpg,44,100,205,231,bovie
/home/egoodman/multitaskmodel/data/surgical_signatures/thyroidectomies/vid-2056-frame-8134.jpg,0,44,184,171,bovie
/home/egoodman/multitaskmodel/data/surgical_signatures/thyroidectomies/vid-1454-frame-3504.jpg,139,99,350,161,bovie
/home/egoodman/multitaskmodel/data/surgical_signatures/thyroidectomies/vid-1493-frame-10035.jpg,21,93,198,224,bovie
/home/egoodman/multitaskmodel/data/surgical_signatures/thyroidectomies/vid-352-frame-15609.jpg,235,46,388,131,bovie
/home/egoodman/multitaskmodel/data/surgical_signatures/thyroidectomies/vid-2004-frame-5338.jpg,247,25,362,153,bovie
/home/egoodman/multitaskmodel/data/surgical_signatures/thyroidectomies/vid-1164-frame-7040.jpg,3,108,190,184,bovie
/home/egoodman/multitaskmodel/data/surgical_signatures/thyroidectomies/vid-254-frame-40388.jpg,175,0,274,118,bovie
/home/egoodman/multitaskmodel/data/surgical_signatures/thyroidectomies/vid-2004-frame-5652.jpg,154,36,353,199,bovie
/home/egoodman/multitaskmodel/data/surgical_signatures/thyroidectomies/vid-1139-frame-4488.jpg,229,0,366,150,bovie
/home/egoodman/multitaskmodel/data/surgical_signatures/thyroidectomies/vid-1283-frame-9021.jpg,121,87,287,163,bovie
/home/egoodman/multitaskmodel/data/surgical_signatures/thyroidectomies/vid-332-frame-1990.jpg,225,7,425,110,bovie
/home/egoodman/multitaskmodel/data/surgical_signatures/thyroidectomies/vid-3-frame-21712.jpg,206,0,293,102,bovie
/home/egoodman/multitaskmodel/data/surgical_signatures/thyroidectomies/vid-361-frame-27720.jpg,0,121,191,201,bovie
/home/egoodman/multitaskmodel/data/surgical_signatures/thyroidectomies/vid-1164-frame-1408.jpg,116,49,311,176,bovie
/home/egoodman/multitaskmodel/data/surgical_signatures/thyroidectomies/vid-26-frame-32472.jpg,156,27,294,146,bovie
/home/egoodman/multitaskmodel/data/surgical_signatures/thyroidectomies/vid-1164-frame-1088.jpg,39,9,179,123,bovie
/home/egoodman/multitaskmodel/data/surgical_signatures/thyroidectomies/vid-801-frame-7345.jpg,41,24,142,152,bovie
/home/egoodman/multitaskmodel/data/surgical_signatures/thyroidectomies/vid-1454-frame-26280.jpg,251,5,349,113,bovie
/home/egoodman/multitaskmodel/data/surgical_signatures/thyroidectomies/vid-801-frame-7410.jpg,47,24,131,159,bovie
/home/egoodman/multitaskmodel/data/surgical_signatures/thyroidectomies/vid-121-frame-1630.jpg,41,30,203,132,bovie
/home/egoodman/multitaskmodel/data/surgical_signatures/thyroidectomies/vid-1875-frame-528.jpg,80,95,185,235,bovie
/home/egoodman/multitaskmodel/data/surgical_signatures/thyroidectomies/vid-1164-frame-1216.jpg,54,17,194,144,bovie
/home/egoodman/multitaskmodel/data/surgical_signatures/thyroidectomies/vid-138-frame-1755.jpg,43,13,124,119,bovie
/home/egoodman/multitaskmodel/data/surgical_signatures/thyroidectomies/vid-333-frame-15822.jpg,144,65,230,112,bovie
/home/egoodman/multitaskmodel/data/surgical_signatures/thyroidectomies/vid-2004-frame-10048.jpg,208,77,407,149,bovie
/home/egoodman/multitaskmodel/data/surgical_signatures/thyroidectomies/vid-2004-frame-9263.jpg,89,51,272,167,bovie
/home/egoodman/multitaskmodel/data/surgical_signatures/thyroidectomies/vid-1557-frame-22800.jpg,10,144,200,215,bovie
/home/egoodman/multitaskmodel/data/surgical_signatures/thyroidectomies/vid-1531-frame-21489.jpg,200,37,291,131,bovie
/home/egoodman/multitaskmodel/data/surgical_signatures/thyroidectomies/vid-2004-frame-2355.jpg,64,74,237,142,bovie
/home/egoodman/multitaskmodel/data/surgical_signatures/thyroidectomies/vid-1192-frame-2100.jpg,125,111,242,229,bovie
/home/egoodman/multitaskmodel/data/surgical_signatures/thyroidectomies/vid-99-frame-3460.jpg,276,63,361,211,bovie
/home/egoodman/multitaskmodel/data/surgical_signatures/thyroidectomies/vid-352-frame-2365.jpg,76,75,247,136,bovie
/home/egoodman/multitaskmodel/data/surgical_signatures/thyroidectomies/vid-1557-frame-20880.jpg,13,77,167,226,bovie
/home/egoodman/multitaskmodel/data/surgical_signatures/thyroidectomies/vid-1192-frame-2135.jpg,117,62,236,189,bovie
/home/egoodman/multitaskmodel/data/surgical_signatures/thyroidectomies/vid-15-frame-892.jpg,152,0,291,132,bovie
/home/egoodman/multitaskmodel/data/surgical_signatures/thyroidectomies/vid-2056-frame-7546.jpg,0,124,193,194,bovie
/home/egoodman/multitaskmodel/data/surgical_signatures/thyroidectomies/vid-1531-frame-17290.jpg,66,72,197,200,bovie
/home/egoodman/multitaskmodel/data/surgical_signatures/thyroidectomies/vid-394-frame-15660.jpg,217,0,338,96,bovie
/home/egoodman/multitaskmodel/data/surgical_signatures/thyroidectomies/vid-1875-frame-14784.jpg,44,86,260,206,bovie
/home/egoodman/multitaskmodel/data/surgical_signatures/thyroidectomies/vid-113-frame-11825.jpg,275,32,431,108,bovie
/home/egoodman/multitaskmodel/data/surgical_signatures/thyroidectomies/vid-1139-frame-4290.jpg,270,3,417,95,bovie
/home/egoodman/multitaskmodel/data/surgical_signatures/thyroidectomies/vid-364-frame-8288.jpg,91,30,290,124,bovie
/home/egoodman/multitaskmodel/data/surgical_signatures/thyroidectomies/vid-274-frame-17808.jpg,101,44,244,176,bovie
/home/egoodman/multitaskmodel/data/surgical_signatures/thyroidectomies/vid-138-frame-3315.jpg,208,29,259,154,bovie
/home/egoodman/multitaskmodel/data/surgical_signatures/thyroidectomies/vid-2004-frame-8635.jpg,272,47,387,104,bovie
/home/egoodman/multitaskmodel/data/surgical_signatures/thyroidectomies/vid-666-frame-17316.jpg,193,114,362,230,bovie
/home/egoodman/multitaskmodel/data/surgical_signatures/thyroidectomies/vid-219-frame-1164.jpg,5,81,183,179,bovie
/home/egoodman/multitaskmodel/data/surgical_signatures/thyroidectomies/vid-234-frame-12324.jpg,0,139,201,214,bovie
/home/egoodman/multitaskmodel/data/surgical_signatures/thyroidectomies/vid-1164-frame-1984.jpg,15,5,84,97,bovie
/home/egoodman/multitaskmodel/data/surgical_signatures/thyroidectomies/vid-723-frame-3500.jpg,167,0,229,97,bovie
/home/egoodman/multitaskmodel/data/surgical_signatures/thyroidectomies/vid-1454-frame-42924.jpg,0,69,176,163,bovie
/home/egoodman/multitaskmodel/data/surgical_signatures/thyroidectomies/vid-72-frame-15718.jpg,230,10,363,145,bovie
/home/egoodman/multitaskmodel/data/surgical_signatures/thyroidectomies/vid-1493-frame-10927.jpg,63,91,249,226,bovie
/home/egoodman/multitaskmodel/data/surgical_signatures/thyroidectomies/vid-1283-frame-8633.jpg,136,91,303,191,bovie
/home/egoodman/multitaskmodel/data/surgical_signatures/thyroidectomies/vid-364-frame-3552.jpg,126,15,327,146,bovie
/home/egoodman/multitaskmodel/data/surgical_signatures/thyroidectomies/vid-2056-frame-2156.jpg,0,92,191,172,bovie
/home/egoodman/multitaskmodel/data/surgical_signatures/thyroidectomies/vid-394-frame-5400.jpg,137,6,234,168,bovie
/home/egoodman/multitaskmodel/data/surgical_signatures/thyroidectomies/vid-29-frame-1993.jpg,226,6,427,111,bovie
/home/egoodman/multitaskmodel/data/surgical_signatures/thyroidectomies/vid-394-frame-8280.jpg,215,26,405,119,bovie
/home/egoodman/multitaskmodel/data/surgical_signatures/thyroidectomies/vid-1164-frame-1152.jpg,56,21,194,147,bovie
/home/egoodman/multitaskmodel/data/surgical_signatures/thyroidectomies/vid-1289-frame-348.jpg,91,55,142,183,bovie
/home/egoodman/multitaskmodel/data/surgical_signatures/thyroidectomies/vid-751-frame-1504.jpg,48,40,134,183,bovie
/home/egoodman/multitaskmodel/data/surgical_signatures/thyroidectomies/vid-1875-frame-1452.jpg,0,71,166,152,bovie
/home/egoodman/multitaskmodel/data/surgical_signatures/thyroidectomies/vid-1871-frame-18900.jpg,197,0,248,106,bovie
/home/egoodman/multitaskmodel/data/surgical_signatures/thyroidectomies/vid-2004-frame-5495.jpg,179,37,365,150,bovie
/home/egoodman/multitaskmodel/data/surgical_signatures/thyroidectomies/vid-242-frame-472.jpg,110,24,159,140,bovie
/home/egoodman/multitaskmodel/data/surgical_signatures/thyroidectomies/vid-2056-frame-1176.jpg,48,8,156,149,bovie
/home/egoodman/multitaskmodel/data/surgical_signatures/thyroidectomies/vid-2004-frame-10676.jpg,205,86,387,177,bovie
/home/egoodman/multitaskmodel/data/surgical_signatures/thyroidectomies/vid-352-frame-21758.jpg,229,23,352,139,bovie
/home/egoodman/multitaskmodel/data/surgical_signatures/thyroidectomies/vid-219-frame-7275.jpg,108,11,168,137,bovie
/home/egoodman/multitaskmodel/data/surgical_signatures/thyroidectomies/vid-375-frame-2262.jpg,153,134,314,227,bovie
/home/egoodman/multitaskmodel/data/surgical_signatures/thyroidectomies/vid-1493-frame-9366.jpg,0,50,203,138,bovie
/home/egoodman/multitaskmodel/data/surgical_signatures/thyroidectomies/vid-2056-frame-2450.jpg,0,74,148,153,bovie
/home/egoodman/multitaskmodel/data/surgical_signatures/thyroidectomies/vid-332-frame-1194.jpg,64,103,244,231,bovie
/home/egoodman/multitaskmodel/data/surgical_signatures/thyroidectomies/vid-34-frame-7420.jpg,0,36,218,141,bovie
/home/egoodman/multitaskmodel/data/surgical_signatures/thyroidectomies/vid-234-frame-12166.jpg,28,138,221,225,bovie
/home/egoodman/multitaskmodel/data/surgical_signatures/thyroidectomies/vid-113-frame-1375.jpg,167,145,231,243,bovie
/home/egoodman/multitaskmodel/data/surgical_signatures/thyroidectomies/vid-1164-frame-1024.jpg,61,8,201,121,bovie
/home/egoodman/multitaskmodel/data/surgical_signatures/thyroidectomies/vid-1875-frame-1056.jpg,51,99,173,233,bovie
/home/egoodman/multitaskmodel/data/surgical_signatures/thyroidectomies/vid-696-frame-9180.jpg,219,0,337,172,bovie
/home/egoodman/multitaskmodel/data/surgical_signatures/thyroidectomies/vid-1454-frame-9636.jpg,0,88,162,165,bovie
/home/egoodman/multitaskmodel/data/surgical_signatures/thyroidectomies/vid-1192-frame-2590.jpg,230,16,304,141,bovie
/home/egoodman/multitaskmodel/data/surgical_signatures/thyroidectomies/vid-352-frame-2838.jpg,107,97,312,180,bovie
/home/egoodman/multitaskmodel/data/surgical_signatures/thyroidectomies/vid-68-frame-704.jpg,84,50,281,165,bovie
/home/egoodman/multitaskmodel/data/surgical_signatures/thyroidectomies/vid-1531-frame-27911.jpg,72,72,189,136,bovie
/home/egoodman/multitaskmodel/data/surgical_signatures/thyroidectomies/vid-1283-frame-7275.jpg,108,11,168,137,bovie
/home/egoodman/multitaskmodel/data/surgical_signatures/thyroidectomies/vid-696-frame-1620.jpg,51,38,211,135,bovie
/home/egoodman/multitaskmodel/data/surgical_signatures/thyroidectomies/vid-2056-frame-2352.jpg,0,84,165,163,bovie
/home/egoodman/multitaskmodel/data/surgical_signatures/thyroidectomies/vid-2004-frame-3454.jpg,20,53,185,123,bovie
/home/egoodman/multitaskmodel/data/surgical_signatures/thyroidectomies/vid-2056-frame-5292.jpg,40,19,201,104,bovie
/home/egoodman/multitaskmodel/data/surgical_signatures/thyroidectomies/vid-652-frame-910.jpg,196,148,244,224,bovie
/home/egoodman/multitaskmodel/data/surgical_signatures/thyroidectomies/vid-1454-frame-15768.jpg,108,103,180,237,bovie
/home/egoodman/multitaskmodel/data/surgical_signatures/thyroidectomies/vid-1143-frame-2065.jpg,162,6,257,159,bovie
/home/egoodman/multitaskmodel/data/surgical_signatures/thyroidectomies/vid-1192-frame-2065.jpg,170,118,265,240,bovie
/home/egoodman/multitaskmodel/data/surgical_signatures/thyroidectomies/vid-2-frame-4400.jpg,124,26,273,180,bovie
/home/egoodman/multitaskmodel/data/surgical_signatures/thyroidectomies/vid-1143-frame-4071.jpg,223,82,353,142,bovie
/home/egoodman/multitaskmodel/data/surgical_signatures/thyroidectomies/vid-652-frame-1456.jpg,162,116,233,225,bovie
/home/egoodman/multitaskmodel/data/surgical_signatures/thyroidectomies/vid-36-frame-304.jpg,43,122,262,224,bovie
/home/egoodman/multitaskmodel/data/surgical_signatures/thyroidectomies/vid-364-frame-3848.jpg,129,41,328,141,bovie
/home/egoodman/multitaskmodel/data/surgical_signatures/thyroidectomies/vid-234-frame-13114.jpg,155,0,367,125,bovie
/home/egoodman/multitaskmodel/data/surgical_signatures/thyroidectomies/vid-1557-frame-8160.jpg,109,130,286,237,bovie
/home/egoodman/multitaskmodel/data/surgical_signatures/thyroidectomies/vid-1143-frame-885.jpg,154,0,286,137,bovie
/home/egoodman/multitaskmodel/data/surgical_signatures/thyroidectomies/vid-723-frame-20650.jpg,158,133,239,212,bovie
/home/egoodman/multitaskmodel/data/surgical_signatures/thyroidectomies/vid-1886-frame-24570.jpg,176,15,274,159,bovie
/home/egoodman/multitaskmodel/data/surgical_signatures/thyroidectomies/vid-801-frame-1690.jpg,46,18,132,120,bovie
/home/egoodman/multitaskmodel/data/surgical_signatures/thyroidectomies/vid-221-frame-356.jpg,75,62,125,191,bovie
/home/egoodman/multitaskmodel/data/surgical_signatures/thyroidectomies/vid-1531-frame-10621.jpg,46,86,107,205,bovie
/home/egoodman/multitaskmodel/data/surgical_signatures/thyroidectomies/vid-266-frame-10736.jpg,53,81,243,223,bovie
/home/egoodman/multitaskmodel/data/surgical_signatures/thyroidectomies/vid-1283-frame-9409.jpg,187,87,314,161,bovie
/home/egoodman/multitaskmodel/data/surgical_signatures/thyroidectomies/vid-1557-frame-27120.jpg,40,27,211,178,bovie
/home/egoodman/multitaskmodel/data/surgical_signatures/thyroidectomies/vid-352-frame-8514.jpg,232,28,372,100,bovie
/home/egoodman/multitaskmodel/data/surgical_signatures/thyroidectomies/vid-723-frame-19775.jpg,197,62,423,154,bovie
/home/egoodman/multitaskmodel/data/surgical_signatures/thyroidectomies/vid-234-frame-948.jpg,175,8,389,117,bovie
/home/egoodman/multitaskmodel/data/surgical_signatures/thyroidectomies/vid-190-frame-2848.jpg,260,0,380,128,bovie
/home/egoodman/multitaskmodel/data/surgical_signatures/thyroidectomies/vid-2056-frame-7644.jpg,0,115,191,188,bovie
/home/egoodman/multitaskmodel/data/surgical_signatures/thyroidectomies/vid-364-frame-7400.jpg,49,80,318,166,bovie
/home/egoodman/multitaskmodel/data/surgical_signatures/thyroidectomies/vid-2004-frame-2983.jpg,57,83,264,160,bovie
/home/egoodman/multitaskmodel/data/surgical_signatures/thyroidectomies/vid-1403-frame-468.jpg,107,23,159,143,bovie
/home/egoodman/multitaskmodel/data/surgical_signatures/thyroidectomies/vid-2004-frame-14444.jpg,186,24,316,144,bovie
/home/egoodman/multitaskmodel/data/surgical_signatures/thyroidectomies/vid-1454-frame-40296.jpg,167,25,304,198,bovie
/home/egoodman/multitaskmodel/data/surgical_signatures/thyroidectomies/vid-2004-frame-9734.jpg,226,67,397,150,bovie
/home/egoodman/multitaskmodel/data/surgical_signatures/thyroidectomies/vid-1875-frame-1980.jpg,212,18,417,120,bovie
/home/egoodman/multitaskmodel/data/surgical_signatures/thyroidectomies/vid-666-frame-16536.jpg,228,115,369,234,bovie
/home/egoodman/multitaskmodel/data/surgical_signatures/thyroidectomies/vid-1871-frame-27405.jpg,48,143,253,216,bovie
/home/egoodman/multitaskmodel/data/surgical_signatures/thyroidectomies/vid-1886-frame-12285.jpg,183,27,239,137,bovie
/home/egoodman/multitaskmodel/data/surgical_signatures/thyroidectomies/vid-1283-frame-7760.jpg,131,50,220,169,bovie
/home/egoodman/multitaskmodel/data/surgical_signatures/thyroidectomies/vid-202-frame-2100.jpg,125,111,242,229,bovie
/home/egoodman/multitaskmodel/data/surgical_signatures/thyroidectomies/vid-19-frame-7285.jpg,129,6,188,149,bovie
/home/egoodman/multitaskmodel/data/surgical_signatures/thyroidectomies/vid-121-frame-9128.jpg,240,4,340,156,bovie
/home/egoodman/multitaskmodel/data/surgical_signatures/thyroidectomies/vid-2004-frame-14130.jpg,229,30,372,97,bovie
/home/egoodman/multitaskmodel/data/surgical_signatures/thyroidectomies/vid-194-frame-8585.jpg,213,21,385,108,bovie
/home/egoodman/multitaskmodel/data/surgical_signatures/thyroidectomies/vid-2056-frame-10584.jpg,143,31,318,133,bovie
/home/egoodman/multitaskmodel/data/surgical_signatures/thyroidectomies/vid-375-frame-4930.jpg,22,71,205,231,bovie
/home/egoodman/multitaskmodel/data/surgical_signatures/thyroidectomies/vid-1875-frame-1188.jpg,69,100,245,230,bovie
/home/egoodman/multitaskmodel/data/surgical_signatures/thyroidectomies/vid-1531-frame-7163.jpg,4,60,76,168,bovie
/home/egoodman/multitaskmodel/data/surgical_signatures/thyroidectomies/vid-1283-frame-2716.jpg,100,11,213,157,bovie
/home/egoodman/multitaskmodel/data/surgical_signatures/thyroidectomies/vid-569-frame-6440.jpg,198,79,404,162,bovie
/home/egoodman/multitaskmodel/data/surgical_signatures/thyroidectomies/vid-2046-frame-11760.jpg,237,79,366,228,bovie
/home/egoodman/multitaskmodel/data/surgical_signatures/thyroidectomies/vid-2004-frame-18840.jpg,207,36,378,127,bovie
/home/egoodman/multitaskmodel/data/surgical_signatures/thyroidectomies/vid-723-frame-20300.jpg,142,139,249,207,bovie
/home/egoodman/multitaskmodel/data/surgical_signatures/thyroidectomies/vid-1531-frame-6175.jpg,56,98,147,201,bovie
/home/egoodman/multitaskmodel/data/surgical_signatures/thyroidectomies/vid-375-frame-580.jpg,65,47,245,136,bovie
/home/egoodman/multitaskmodel/data/surgical_signatures/thyroidectomies/vid-1311-frame-5046.jpg,128,121,216,230,bovie
/home/egoodman/multitaskmodel/data/surgical_signatures/thyroidectomies/vid-666-frame-1872.jpg,228,48,398,192,bovie
/home/egoodman/multitaskmodel/data/surgical_signatures/thyroidectomies/vid-569-frame-6785.jpg,153,122,355,220,bovie
/home/egoodman/multitaskmodel/data/surgical_signatures/thyroidectomies/vid-254-frame-38632.jpg,10,95,204,203,bovie
/home/egoodman/multitaskmodel/data/surgical_signatures/thyroidectomies/vid-2004-frame-13659.jpg,172,29,337,102,bovie
/home/egoodman/multitaskmodel/data/surgical_signatures/thyroidectomies/vid-801-frame-3315.jpg,208,29,259,154,bovie
/home/egoodman/multitaskmodel/data/surgical_signatures/thyroidectomies/vid-274-frame-17066.jpg,73,87,196,213,bovie
/home/egoodman/multitaskmodel/data/surgical_signatures/thyroidectomies/vid-1-frame-2382.jpg,102,78,349,187,bovie
/home/egoodman/multitaskmodel/data/surgical_signatures/thyroidectomies/vid-234-frame-2212.jpg,108,112,349,230,bovie
/home/egoodman/multitaskmodel/data/surgical_signatures/thyroidectomies/vid-2004-frame-2669.jpg,66,76,270,160,bovie
/home/egoodman/multitaskmodel/data/surgical_signatures/thyroidectomies/vid-234-frame-790.jpg,107,49,340,152,bovie
/home/egoodman/multitaskmodel/data/surgical_signatures/thyroidectomies/vid-234-frame-3476.jpg,0,60,210,148,bovie
/home/egoodman/multitaskmodel/data/surgical_signatures/thyroidectomies/vid-1454-frame-40880.jpg,14,0,104,114,bovie
/home/egoodman/multitaskmodel/data/surgical_signatures/thyroidectomies/vid-1454-frame-2920.jpg,195,49,402,119,bovie
/home/egoodman/multitaskmodel/data/surgical_signatures/thyroidectomies/vid-6-frame-1377.jpg,166,138,234,238,bovie
/home/egoodman/multitaskmodel/data/surgical_signatures/thyroidectomies/vid-394-frame-11520.jpg,158,2,246,120,bovie
/home/egoodman/multitaskmodel/data/surgical_signatures/thyroidectomies/vid-9-frame-10520.jpg,250,13,410,102,bovie
/home/egoodman/multitaskmodel/data/surgical_signatures/thyroidectomies/vid-19-frame-4371.jpg,106,9,232,151,bovie
/home/egoodman/multitaskmodel/data/surgical_signatures/thyroidectomies/vid-1143-frame-944.jpg,134,0,298,137,bovie
/home/egoodman/multitaskmodel/data/surgical_signatures/thyroidectomies/vid-1454-frame-26572.jpg,168,8,230,144,bovie
/home/egoodman/multitaskmodel/data/surgical_signatures/thyroidectomies/vid-333-frame-22854.jpg,149,29,214,183,bovie
/home/egoodman/multitaskmodel/data/surgical_signatures/thyroidectomies/vid-801-frame-1885.jpg,125,17,172,140,bovie
/home/egoodman/multitaskmodel/data/surgical_signatures/thyroidectomies/vid-2004-frame-2512.jpg,77,71,255,138,bovie
/home/egoodman/multitaskmodel/data/surgical_signatures/thyroidectomies/vid-115-frame-20167.jpg,167,121,356,232,bovie
/home/egoodman/multitaskmodel/data/surgical_signatures/thyroidectomies/vid-2004-frame-2198.jpg,65,83,270,152,bovie
/home/egoodman/multitaskmodel/data/surgical_signatures/thyroidectomies/vid-394-frame-18180.jpg,91,0,226,108,bovie
/home/egoodman/multitaskmodel/data/surgical_signatures/thyroidectomies/vid-1871-frame-5103.jpg,199,6,318,126,bovie
/home/egoodman/multitaskmodel/data/surgical_signatures/thyroidectomies/vid-115-frame-1876.jpg,227,33,392,176,bovie
/home/egoodman/multitaskmodel/data/surgical_signatures/thyroidectomies/vid-72-frame-5420.jpg,125,17,231,187,bovie
/home/egoodman/multitaskmodel/data/surgical_signatures/thyroidectomies/vid-2004-frame-8949.jpg,90,31,251,135,bovie
/home/egoodman/multitaskmodel/data/surgical_signatures/thyroidectomies/vid-2004-frame-314.jpg,195,34,293,122,bovie
/home/egoodman/multitaskmodel/data/surgical_signatures/thyroidectomies/vid-2004-frame-10519.jpg,210,117,388,192,bovie
/home/egoodman/multitaskmodel/data/surgical_signatures/thyroidectomies/vid-115-frame-19698.jpg,147,74,262,207,bovie
/home/egoodman/multitaskmodel/data/surgical_signatures/thyroidectomies/vid-254-frame-7902.jpg,136,0,200,104,bovie
/home/egoodman/multitaskmodel/data/surgical_signatures/thyroidectomies/vid-751-frame-24628.jpg,85,37,230,128,bovie
/home/egoodman/multitaskmodel/data/surgical_signatures/thyroidectomies/vid-1871-frame-7749.jpg,59,110,263,234,bovie
/home/egoodman/multitaskmodel/data/surgical_signatures/thyroidectomies/vid-234-frame-1422.jpg,233,36,408,128,bovie
/home/egoodman/multitaskmodel/data/surgical_signatures/thyroidectomies/vid-2056-frame-980.jpg,58,6,172,152,bovie
/home/egoodman/multitaskmodel/data/surgical_signatures/thyroidectomies/vid-188-frame-4378.jpg,245,11,409,113,bovie
/home/egoodman/multitaskmodel/data/surgical_signatures/thyroidectomies/vid-394-frame-4860.jpg,0,11,178,156,bovie
/home/egoodman/multitaskmodel/data/surgical_signatures/thyroidectomies/vid-331-frame-1704.jpg,15,110,243,195,bovie
/home/egoodman/multitaskmodel/data/surgical_signatures/thyroidectomies/vid-364-frame-2368.jpg,13,89,229,168,bovie
/home/egoodman/multitaskmodel/data/surgical_signatures/thyroidectomies/vid-1164-frame-1728.jpg,18,2,107,106,bovie
/home/egoodman/multitaskmodel/data/surgical_signatures/thyroidectomies/vid-352-frame-1892.jpg,101,52,217,102,bovie
/home/egoodman/multitaskmodel/data/surgical_signatures/thyroidectomies/vid-2056-frame-4508.jpg,23,44,143,169,bovie
/home/egoodman/multitaskmodel/data/surgical_signatures/thyroidectomies/vid-36-frame-13376.jpg,186,2,374,120,bovie
/home/egoodman/multitaskmodel/data/surgical_signatures/thyroidectomies/vid-723-frame-22225.jpg,202,42,285,149,bovie
/home/egoodman/multitaskmodel/data/surgical_signatures/thyroidectomies/vid-72-frame-20596.jpg,136,0,202,91,bovie
/home/egoodman/multitaskmodel/data/surgical_signatures/thyroidectomies/vid-801-frame-1820.jpg,78,22,129,152,bovie
/home/egoodman/multitaskmodel/data/surgical_signatures/thyroidectomies/vid-2004-frame-6751.jpg,235,23,354,153,bovie
/home/egoodman/multitaskmodel/data/surgical_signatures/thyroidectomies/vid-2056-frame-5684.jpg,0,32,166,127,bovie
/home/egoodman/multitaskmodel/data/surgical_signatures/thyroidectomies/vid-1283-frame-7566.jpg,51,19,121,163,bovie
/home/egoodman/multitaskmodel/data/surgical_signatures/thyroidectomies/vid-99-frame-15570.jpg,60,128,145,231,bovie
/home/egoodman/multitaskmodel/data/surgical_signatures/thyroidectomies/vid-2056-frame-8330.jpg,102,51,296,140,bovie
/home/egoodman/multitaskmodel/data/surgical_signatures/thyroidectomies/vid-364-frame-9472.jpg,77,21,204,174,bovie
/home/egoodman/multitaskmodel/data/surgical_signatures/thyroidectomies/vid-394-frame-21780.jpg,194,0,307,113,bovie
/home/egoodman/multitaskmodel/data/surgical_signatures/thyroidectomies/vid-1557-frame-33120.jpg,182,154,314,230,bovie
/home/egoodman/multitaskmodel/data/surgical_signatures/thyroidectomies/vid-652-frame-7917.jpg,0,128,198,230,bovie
/home/egoodman/multitaskmodel/data/surgical_signatures/thyroidectomies/vid-1164-frame-1280.jpg,32,21,175,142,bovie
/home/egoodman/multitaskmodel/data/surgical_signatures/thyroidectomies/vid-274-frame-742.jpg,57,60,159,205,bovie
/home/egoodman/multitaskmodel/data/surgical_signatures/thyroidectomies/vid-23-frame-26364.jpg,325,1,410,106,bovie
/home/egoodman/multitaskmodel/data/surgical_signatures/thyroidectomies/vid-43-frame-2856.jpg,0,125,198,203,bovie
/home/egoodman/multitaskmodel/data/surgical_signatures/thyroidectomies/vid-361-frame-11340.jpg,121,97,304,230,bovie
/home/egoodman/multitaskmodel/data/surgical_signatures/thyroidectomies/vid-2004-frame-19468.jpg,224,97,396,162,bovie
/home/egoodman/multitaskmodel/data/surgical_signatures/thyroidectomies/vid-219-frame-4365.jpg,94,13,229,151,bovie
/home/egoodman/multitaskmodel/data/surgical_signatures/thyroidectomies/vid-99-frame-2768.jpg,73,144,269,221,bovie
/home/egoodman/multitaskmodel/data/surgical_signatures/thyroidectomies/vid-1875-frame-264.jpg,85,71,229,201,bovie
/home/egoodman/multitaskmodel/data/surgical_signatures/thyroidectomies/vid-1223-frame-4488.jpg,25,66,100,141,bovie
/home/egoodman/multitaskmodel/data/surgical_signatures/thyroidectomies/vid-1875-frame-924.jpg,55,82,241,222,bovie
/home/egoodman/multitaskmodel/data/surgical_signatures/thyroidectomies/vid-113-frame-1100.jpg,183,121,278,213,bovie
/home/egoodman/multitaskmodel/data/surgical_signatures/thyroidectomies/vid-2056-frame-9506.jpg,101,23,220,159,bovie
/home/egoodman/multitaskmodel/data/surgical_signatures/thyroidectomies/vid-1403-frame-1404.jpg,0,45,145,125,bovie
/home/egoodman/multitaskmodel/data/surgical_signatures/thyroidectomies/vid-1311-frame-8062.jpg,81,18,235,109,bovie
/home/egoodman/multitaskmodel/data/surgical_signatures/thyroidectomies/vid-2004-frame-20724.jpg,22,44,195,138,bovie
/home/egoodman/multitaskmodel/data/surgical_signatures/thyroidectomies/vid-234-frame-5214.jpg,227,4,280,179,bovie
/home/egoodman/multitaskmodel/data/surgical_signatures/thyroidectomies/vid-352-frame-5676.jpg,159,35,351,158,bovie
/home/egoodman/multitaskmodel/data/surgical_signatures/thyroidectomies/vid-1403-frame-858.jpg,0,66,155,142,bovie
/home/egoodman/multitaskmodel/data/surgical_signatures/thyroidectomies/vid-1871-frame-5481.jpg,188,0,314,107,bovie
/home/egoodman/multitaskmodel/data/surgical_signatures/thyroidectomies/vid-1454-frame-9344.jpg,0,113,182,191,bovie
/home/egoodman/multitaskmodel/data/surgical_signatures/thyroidectomies/vid-666-frame-1716.jpg,207,32,364,192,bovie
/home/egoodman/multitaskmodel/data/surgical_signatures/thyroidectomies/vid-375-frame-4640.jpg,58,106,232,234,bovie
/home/egoodman/multitaskmodel/data/surgical_signatures/thyroidectomies/vid-1454-frame-37668.jpg,58,94,157,234,bovie
/home/egoodman/multitaskmodel/data/surgical_signatures/thyroidectomies/vid-234-frame-2370.jpg,170,90,417,210,bovie
/home/egoodman/multitaskmodel/data/surgical_signatures/thyroidectomies/vid-364-frame-5624.jpg,0,25,146,135,bovie
/home/egoodman/multitaskmodel/data/surgical_signatures/thyroidectomies/vid-219-frame-7566.jpg,51,19,121,163,bovie
/home/egoodman/multitaskmodel/data/surgical_signatures/thyroidectomies/vid-43-frame-952.jpg,182,11,396,117,bovie
/home/egoodman/multitaskmodel/data/surgical_signatures/thyroidectomies/vid-1454-frame-28616.jpg,194,0,258,137,bovie
/home/egoodman/multitaskmodel/data/surgical_signatures/thyroidectomies/vid-2004-frame-3140.jpg,47,89,262,166,bovie
/home/egoodman/multitaskmodel/data/surgical_signatures/thyroidectomies/vid-332-frame-398.jpg,100,67,236,197,bovie
/home/egoodman/multitaskmodel/data/surgical_signatures/thyroidectomies/vid-194-frame-4608.jpg,37,41,129,206,bovie
