/home/egoodman/multitaskmodel/data/new_annotations/train/round1/-3gFrKiC99I_9588.jpg,470,403,642,534,bovie
/home/egoodman/multitaskmodel/data/new_annotations/train/round1/-3gFrKiC99I_11186.jpg,522,541,743,674,bovie
/home/egoodman/multitaskmodel/data/new_annotations/train/round1/-DGQsmwXmLg_3482.jpg,353,2,711,270,bovie
/home/egoodman/multitaskmodel/data/new_annotations/train/round1/-DGQsmwXmLg_4353.jpg,367,483,595,712,bovie
/home/egoodman/multitaskmodel/data/new_annotations/train/round1/-DGQsmwXmLg_4789.jpg,1008,291,1272,460,bovie
/home/egoodman/multitaskmodel/data/new_annotations/train/round1/-DGQsmwXmLg_5224.jpg,880,72,1258,303,bovie
/home/egoodman/multitaskmodel/data/new_annotations/train/round1/0oxhRpSq850_1808.jpg,440,439,649,712,bovie
/home/egoodman/multitaskmodel/data/new_annotations/train/round1/0oxhRpSq850_2411.jpg,671,319,1267,503,bovie
/home/egoodman/multitaskmodel/data/new_annotations/train/round1/0oxhRpSq850_3014.jpg,575,262,770,707,bovie
/home/egoodman/multitaskmodel/data/new_annotations/train/round1/0oxhRpSq850_3618.jpg,0,280,685,662,bovie
/home/egoodman/multitaskmodel/data/new_annotations/train/round1/0VMxXsqmxYg_1814.jpg,52,0,208,133,bovie
/home/egoodman/multitaskmodel/data/new_annotations/train/round1/0VMxXsqmxYg_1996.jpg,49,0,238,157,bovie
/home/egoodman/multitaskmodel/data/new_annotations/train/round1/1dki4N24iP8_12477.jpg,307,337,483,616,bovie
/home/egoodman/multitaskmodel/data/new_annotations/train/round1/1dki4N24iP8_13864.jpg,20,3,472,503,bovie
/home/egoodman/multitaskmodel/data/new_annotations/train/round1/1PwQrgU2Lic_8053.jpg,470,112,661,414,bovie
/home/egoodman/multitaskmodel/data/new_annotations/train/round1/1PwQrgU2Lic_13424.jpg,471,158,878,408,bovie
/home/egoodman/multitaskmodel/data/new_annotations/train/round1/1PwQrgU2Lic_16109.jpg,373,127,755,411,bovie
/home/egoodman/multitaskmodel/data/new_annotations/train/round1/1PwQrgU2Lic_21480.jpg,415,94,590,429,bovie
/home/egoodman/multitaskmodel/data/new_annotations/train/round1/357DW8IYYt8_4699.jpg,0,86,325,211,bovie
/home/egoodman/multitaskmodel/data/new_annotations/train/round1/3Fx1EiO5iRY_5456.jpg,638,365,1229,420,bovie
/home/egoodman/multitaskmodel/data/new_annotations/train/round1/3Fx1EiO5iRY_6821.jpg,524,246,1179,461,bovie
/home/egoodman/multitaskmodel/data/new_annotations/train/round1/3Fx1EiO5iRY_8185.jpg,582,338,945,554,bovie
/home/egoodman/multitaskmodel/data/new_annotations/train/round1/3Fx1EiO5iRY_12279.jpg,580,195,1093,409,bovie
/home/egoodman/multitaskmodel/data/new_annotations/train/round1/3Ql0fGVrQeA_2814.jpg,254,272,316,360,bovie
/home/egoodman/multitaskmodel/data/new_annotations/train/round1/3Ql0fGVrQeA_3378.jpg,229,202,298,357,bovie
/home/egoodman/multitaskmodel/data/new_annotations/train/round1/4uwsmL5TwGI_17692.jpg,162,621,383,719,bovie
/home/egoodman/multitaskmodel/data/new_annotations/train/round1/5cscLtlF-P0_5050.jpg,312,119,640,192,bovie
/home/egoodman/multitaskmodel/data/new_annotations/train/round1/6idNh90AdtA_5612.jpg,484,224,1272,711,bovie
/home/egoodman/multitaskmodel/data/new_annotations/train/round1/6idNh90AdtA_6735.jpg,509,177,1272,402,bovie
/home/egoodman/multitaskmodel/data/new_annotations/train/round1/6idNh90AdtA_12349.jpg,1,272,729,712,bovie
/home/egoodman/multitaskmodel/data/new_annotations/train/round1/7YXOJzIrKFM_7513.jpg,0,172,165,219,bovie
/home/egoodman/multitaskmodel/data/new_annotations/train/round1/8bhWGpkmWp8_1364.jpg,234,3,434,225,bovie
/home/egoodman/multitaskmodel/data/new_annotations/train/round1/8bhWGpkmWp8_3073.jpg,92,188,163,357,bovie
/home/egoodman/multitaskmodel/data/new_annotations/train/round1/8cT4CV1gkAA_11401.jpg,606,206,824,712,bovie
/home/egoodman/multitaskmodel/data/new_annotations/train/round1/8eFljZ449SY_2704.jpg,637,5,784,327,bovie
/home/egoodman/multitaskmodel/data/new_annotations/train/round1/AGxuM1_H7KE_4968.jpg,731,294,1172,712,bovie
/home/egoodman/multitaskmodel/data/new_annotations/train/round1/AGxuM1_H7KE_6624.jpg,877,298,1272,598,bovie
/home/egoodman/multitaskmodel/data/new_annotations/train/round1/AGxuM1_H7KE_9937.jpg,569,305,1040,712,bovie
/home/egoodman/multitaskmodel/data/new_annotations/train/round1/AGxuM1_H7KE_13251.jpg,753,307,1093,712,bovie
/home/egoodman/multitaskmodel/data/new_annotations/train/round1/aqPrL_RJPC4_2703.jpg,112,60,470,712,bovie
/home/egoodman/multitaskmodel/data/new_annotations/train/round1/aqPrL_RJPC4_4506.jpg,791,307,1009,712,bovie
/home/egoodman/multitaskmodel/data/new_annotations/train/round1/AYt94DNtKXU_11634.jpg,233,45,662,480,bovie
/home/egoodman/multitaskmodel/data/new_annotations/train/round1/bbI9l7j-LP4_527.jpg,622,4,1206,337,bovie
/home/egoodman/multitaskmodel/data/new_annotations/train/round1/bbI9l7j-LP4_633.jpg,611,3,1112,369,bovie
/home/egoodman/multitaskmodel/data/new_annotations/train/round1/bbI9l7j-LP4_739.jpg,541,3,821,310,bovie
/home/egoodman/multitaskmodel/data/new_annotations/train/round1/bbI9l7j-LP4_845.jpg,555,0,866,347,bovie
/home/egoodman/multitaskmodel/data/new_annotations/train/round1/bbI9l7j-LP4_951.jpg,718,2,1258,349,bovie
/home/egoodman/multitaskmodel/data/new_annotations/train/round1/bbI9l7j-LP4_1056.jpg,501,8,1229,398,bovie
/home/egoodman/multitaskmodel/data/new_annotations/train/round1/bbI9l7j-LP4_1162.jpg,485,8,1221,388,bovie
/home/egoodman/multitaskmodel/data/new_annotations/train/round1/bfZWsulahkQ_2599.jpg,161,159,232,223,bovie
/home/egoodman/multitaskmodel/data/new_annotations/train/round1/bfZWsulahkQ_2971.jpg,149,139,215,222,bovie
/home/egoodman/multitaskmodel/data/new_annotations/train/round1/bfZWsulahkQ_3342.jpg,201,164,254,223,bovie
/home/egoodman/multitaskmodel/data/new_annotations/train/round1/Cczsz7JrUGU_10157.jpg,0,184,560,386,bovie
/home/egoodman/multitaskmodel/data/new_annotations/train/round1/Cczsz7JrUGU_13544.jpg,0,0,484,284,bovie
/home/egoodman/multitaskmodel/data/new_annotations/train/round1/cdYW87IozMA_1868.jpg,585,330,791,712,bovie
/home/egoodman/multitaskmodel/data/new_annotations/train/round1/CfFrwiwgniU_7566.jpg,46,2,164,125,bovie
/home/egoodman/multitaskmodel/data/new_annotations/train/round1/CfFrwiwgniU_10404.jpg,70,43,224,280,bovie
/home/egoodman/multitaskmodel/data/new_annotations/train/round1/d4-VN5A6_Ac_1228.jpg,568,415,1272,635,bovie
/home/egoodman/multitaskmodel/data/new_annotations/train/round1/d4-VN5A6_Ac_1638.jpg,659,333,1272,684,bovie
/home/egoodman/multitaskmodel/data/new_annotations/train/round1/DpeAsOXVruw_5368.jpg,355,1,621,298,bovie
/home/egoodman/multitaskmodel/data/new_annotations/train/round1/dPvRrcSsc6Y_3088.jpg,4,82,210,148,bovie
/home/egoodman/multitaskmodel/data/new_annotations/train/round1/dPvRrcSsc6Y_3530.jpg,1,93,241,158,bovie
/home/egoodman/multitaskmodel/data/new_annotations/train/round1/dPvRrcSsc6Y_4413.jpg,9,107,220,208,bovie
/home/egoodman/multitaskmodel/data/new_annotations/train/round1/Dqk7k7pnlVM_3004.jpg,131,0,182,186,bovie
/home/egoodman/multitaskmodel/data/new_annotations/train/round1/Dqk7k7pnlVM_6011.jpg,0,157,255,200,bovie
/home/egoodman/multitaskmodel/data/new_annotations/train/round1/EgVI5o-fS6o_3233.jpg,585,1,1019,388,bovie
/home/egoodman/multitaskmodel/data/new_annotations/train/round1/EgVI5o-fS6o_11859.jpg,384,0,643,462,bovie
/home/egoodman/multitaskmodel/data/new_annotations/train/round1/En4tbEsYKwI_1598.jpg,700,1,770,498,bovie
/home/egoodman/multitaskmodel/data/new_annotations/train/round1/En4tbEsYKwI_1918.jpg,850,3,1018,464,bovie
/home/egoodman/multitaskmodel/data/new_annotations/train/round1/En4tbEsYKwI_2238.jpg,564,289,824,712,bovie
/home/egoodman/multitaskmodel/data/new_annotations/train/round1/En4tbEsYKwI_2878.jpg,2,64,847,392,bovie
/home/egoodman/multitaskmodel/data/new_annotations/train/round1/erUVkDi6KqY_6694.jpg,233,118,323,356,bovie
/home/egoodman/multitaskmodel/data/new_annotations/train/round1/erUVkDi6KqY_10042.jpg,255,0,513,112,bovie
/home/egoodman/multitaskmodel/data/new_annotations/train/round1/erUVkDi6KqY_11716.jpg,269,17,486,135,bovie
/home/egoodman/multitaskmodel/data/new_annotations/train/round1/erUVkDi6KqY_13390.jpg,254,85,500,236,bovie
/home/egoodman/multitaskmodel/data/new_annotations/train/round1/erUVkDi6KqY_15064.jpg,141,28,227,137,bovie
/home/egoodman/multitaskmodel/data/new_annotations/train/round1/EswP8VDC85s_477.jpg,439,449,632,612,bovie
/home/egoodman/multitaskmodel/data/new_annotations/train/round1/EswP8VDC85s_637.jpg,437,332,641,474,bovie
/home/egoodman/multitaskmodel/data/new_annotations/train/round1/EswP8VDC85s_797.jpg,458,110,662,333,bovie
/home/egoodman/multitaskmodel/data/new_annotations/train/round1/EswP8VDC85s_957.jpg,530,149,717,298,bovie
/home/egoodman/multitaskmodel/data/new_annotations/train/round1/EswP8VDC85s_1116.jpg,435,235,669,621,bovie
/home/egoodman/multitaskmodel/data/new_annotations/train/round1/EswP8VDC85s_1276.jpg,483,150,652,712,bovie
/home/egoodman/multitaskmodel/data/new_annotations/train/round1/EswP8VDC85s_1756.jpg,430,130,676,330,bovie
/home/egoodman/multitaskmodel/data/new_annotations/train/round1/F5wtY4Ns4nA_35098.jpg,298,112,487,316,bovie
/home/egoodman/multitaskmodel/data/new_annotations/train/round1/feF1aRtVAvc_6948.jpg,288,365,376,712,bovie
/home/egoodman/multitaskmodel/data/new_annotations/train/round1/feF1aRtVAvc_8337.jpg,657,384,1186,547,bovie
/home/egoodman/multitaskmodel/data/new_annotations/train/round1/FMLfc2V18HY_2233.jpg,210,140,264,277,bovie
/home/egoodman/multitaskmodel/data/new_annotations/train/round1/FMLfc2V18HY_3723.jpg,91,134,235,238,bovie
/home/egoodman/multitaskmodel/data/new_annotations/train/round1/FMLfc2V18HY_8937.jpg,224,0,382,116,bovie
/home/egoodman/multitaskmodel/data/new_annotations/train/round1/FotC4hB7Y0c_3482.jpg,568,575,697,720,bovie
/home/egoodman/multitaskmodel/data/new_annotations/train/round1/FotC4hB7Y0c_3918.jpg,536,453,712,707,bovie
/home/egoodman/multitaskmodel/data/new_annotations/train/round1/frw2-77Iwf0_7490.jpg,199,165,357,276,bovie
/home/egoodman/multitaskmodel/data/new_annotations/train/round1/frw2-77Iwf0_8239.jpg,81,148,194,232,bovie
/home/egoodman/multitaskmodel/data/new_annotations/train/round1/G3fOG8CcKEw_1940.jpg,388,403,461,633,bovie
/home/egoodman/multitaskmodel/data/new_annotations/train/round1/G3fOG8CcKEw_2155.jpg,443,402,597,630,bovie
/home/egoodman/multitaskmodel/data/new_annotations/train/round1/G3fOG8CcKEw_2371.jpg,413,411,519,564,bovie
/home/egoodman/multitaskmodel/data/new_annotations/train/round1/G3fOG8CcKEw_2587.jpg,434,441,559,636,bovie
/home/egoodman/multitaskmodel/data/new_annotations/train/round1/g9lzOYtGLic_3463.jpg,277,5,479,187,bovie
/home/egoodman/multitaskmodel/data/new_annotations/train/round1/g9lzOYtGLic_3958.jpg,181,1,272,119,bovie
/home/egoodman/multitaskmodel/data/new_annotations/train/round1/g9lzOYtGLic_4453.jpg,158,2,477,250,bovie
/home/egoodman/multitaskmodel/data/new_annotations/train/round1/hGZez6oxS9E_7976.jpg,27,123,423,270,bovie
/home/egoodman/multitaskmodel/data/new_annotations/train/round1/HKhfkcgE0ag_3002.jpg,680,162,876,779,bovie
/home/egoodman/multitaskmodel/data/new_annotations/train/round1/HKhfkcgE0ag_4505.jpg,950,581,1128,779,bovie
/home/egoodman/multitaskmodel/data/new_annotations/train/round1/HKhfkcgE0ag_5256.jpg,1135,714,1587,864,bovie
/home/egoodman/multitaskmodel/data/new_annotations/train/round1/HP8pRJsWlGk_5950.jpg,161,182,728,400,bovie
/home/egoodman/multitaskmodel/data/new_annotations/train/round1/HP8pRJsWlGk_9918.jpg,684,96,1124,278,bovie
/home/egoodman/multitaskmodel/data/new_annotations/train/round1/hyw7Ue6oW8w_1513.jpg,142,44,208,166,bovie
/home/egoodman/multitaskmodel/data/new_annotations/train/round1/hyw7Ue6oW8w_1681.jpg,118,43,397,192,bovie
/home/egoodman/multitaskmodel/data/new_annotations/train/round1/hyw7Ue6oW8w_1849.jpg,189,44,257,239,bovie
/home/egoodman/multitaskmodel/data/new_annotations/train/round1/hyw7Ue6oW8w_2018.jpg,153,46,429,291,bovie
/home/egoodman/multitaskmodel/data/new_annotations/train/round1/ifywgQA-0t8_1184.jpg,344,3,533,184,bovie
/home/egoodman/multitaskmodel/data/new_annotations/train/round1/ifywgQA-0t8_1976.jpg,160,125,280,202,bovie
/home/egoodman/multitaskmodel/data/new_annotations/train/round1/ifywgQA-0t8_2371.jpg,262,240,457,309,bovie
/home/egoodman/multitaskmodel/data/new_annotations/train/round1/ifywgQA-0t8_2767.jpg,4,183,284,356,bovie
/home/egoodman/multitaskmodel/data/new_annotations/train/round1/iI09BTuD3xU_3208.jpg,364,144,636,352,bovie
/home/egoodman/multitaskmodel/data/new_annotations/train/round1/iI09BTuD3xU_5348.jpg,269,101,636,346,bovie
/home/egoodman/multitaskmodel/data/new_annotations/train/round1/iI09BTuD3xU_11767.jpg,452,118,636,189,bovie
/home/egoodman/multitaskmodel/data/new_annotations/train/round1/iONoQhdgIf0_10103.jpg,299,157,420,295,bovie
/home/egoodman/multitaskmodel/data/new_annotations/train/round1/iONoQhdgIf0_13472.jpg,291,71,415,156,bovie
/home/egoodman/multitaskmodel/data/new_annotations/train/round1/iONoQhdgIf0_26947.jpg,224,142,282,291,bovie
/home/egoodman/multitaskmodel/data/new_annotations/train/round1/iONoQhdgIf0_37052.jpg,219,176,267,359,bovie
/home/egoodman/multitaskmodel/data/new_annotations/train/round1/iONoQhdgIf0_40421.jpg,219,196,408,356,bovie
/home/egoodman/multitaskmodel/data/new_annotations/train/round1/IqpcBRQMOak_2648.jpg,311,38,633,288,bovie
/home/egoodman/multitaskmodel/data/new_annotations/train/round1/IqpcBRQMOak_3531.jpg,137,134,344,354,bovie
/home/egoodman/multitaskmodel/data/new_annotations/train/round1/IqpcBRQMOak_4414.jpg,361,40,555,152,bovie
/home/egoodman/multitaskmodel/data/new_annotations/train/round1/IqpcBRQMOak_9714.jpg,355,100,634,240,bovie
/home/egoodman/multitaskmodel/data/new_annotations/train/round1/IqpcBRQMOak_10597.jpg,341,111,634,230,bovie
/home/egoodman/multitaskmodel/data/new_annotations/train/round1/IzVNghUkxI0_5378.jpg,3,164,247,255,bovie
/home/egoodman/multitaskmodel/data/new_annotations/train/round1/IzVNghUkxI0_6723.jpg,0,116,232,207,bovie
/home/egoodman/multitaskmodel/data/new_annotations/train/round1/jkIGODwL228_3518.jpg,246,213,357,314,bovie
/home/egoodman/multitaskmodel/data/new_annotations/train/round1/jkIGODwL228_4104.jpg,196,188,325,313,bovie
/home/egoodman/multitaskmodel/data/new_annotations/train/round1/jkIGODwL228_5278.jpg,218,137,323,283,bovie
/home/egoodman/multitaskmodel/data/new_annotations/train/round1/jogJdtFU8SY_4758.jpg,555,256,672,720,bovie
/home/egoodman/multitaskmodel/data/new_annotations/train/round1/jogJdtFU8SY_5551.jpg,494,362,571,720,bovie
/home/egoodman/multitaskmodel/data/new_annotations/train/round1/jogJdtFU8SY_6344.jpg,327,393,551,720,bovie
/home/egoodman/multitaskmodel/data/new_annotations/train/round1/K41gnfWPuhE_3638.jpg,0,92,218,496,bovie
/home/egoodman/multitaskmodel/data/new_annotations/train/round1/K41gnfWPuhE_4548.jpg,36,0,199,400,bovie
/home/egoodman/multitaskmodel/data/new_annotations/train/round1/K41gnfWPuhE_5458.jpg,16,0,205,380,bovie
/home/egoodman/multitaskmodel/data/new_annotations/train/round1/K41gnfWPuhE_6368.jpg,81,0,194,422,bovie
/home/egoodman/multitaskmodel/data/new_annotations/train/round1/K41gnfWPuhE_7278.jpg,0,13,60,315,bovie
/home/egoodman/multitaskmodel/data/new_annotations/train/round1/K41gnfWPuhE_8188.jpg,1,29,201,353,bovie
/home/egoodman/multitaskmodel/data/new_annotations/train/round1/K41gnfWPuhE_9098.jpg,0,13,184,326,bovie
/home/egoodman/multitaskmodel/data/new_annotations/train/round1/KlFRPypF1kg_5563.jpg,265,21,477,240,bovie
/home/egoodman/multitaskmodel/data/new_annotations/train/round1/KlFRPypF1kg_7418.jpg,265,62,477,219,bovie
/home/egoodman/multitaskmodel/data/new_annotations/train/round1/KlFRPypF1kg_12982.jpg,224,19,314,265,bovie
/home/egoodman/multitaskmodel/data/new_annotations/train/round1/KlFRPypF1kg_16692.jpg,244,18,420,240,bovie
/home/egoodman/multitaskmodel/data/new_annotations/train/round1/KlFRPypF1kg_18547.jpg,232,13,475,180,bovie
/home/egoodman/multitaskmodel/data/new_annotations/train/round1/KlFRPypF1kg_22257.jpg,204,40,476,240,bovie
/home/egoodman/multitaskmodel/data/new_annotations/train/round1/kQTmL3C2dwE_2208.jpg,192,87,424,213,bovie
/home/egoodman/multitaskmodel/data/new_annotations/train/round1/kQTmL3C2dwE_3681.jpg,154,5,376,251,bovie
/home/egoodman/multitaskmodel/data/new_annotations/train/round1/kQTmL3C2dwE_4418.jpg,243,3,477,160,bovie
/home/egoodman/multitaskmodel/data/new_annotations/train/round1/kQTmL3C2dwE_5154.jpg,243,1,392,123,bovie
/home/egoodman/multitaskmodel/data/new_annotations/train/round1/kQTmL3C2dwE_5891.jpg,236,1,429,194,bovie
/home/egoodman/multitaskmodel/data/new_annotations/train/round1/kQTmL3C2dwE_6628.jpg,243,130,447,243,bovie
/home/egoodman/multitaskmodel/data/new_annotations/train/round1/KUKObgS39yA_5770.jpg,962,178,1236,275,bovie
/home/egoodman/multitaskmodel/data/new_annotations/train/round1/KUKObgS39yA_7694.jpg,529,7,959,288,bovie
/home/egoodman/multitaskmodel/data/new_annotations/train/round1/KUKObgS39yA_21162.jpg,555,218,896,559,bovie
/home/egoodman/multitaskmodel/data/new_annotations/train/round1/KUKObgS39yA_23086.jpg,372,560,528,719,bovie
/home/egoodman/multitaskmodel/data/new_annotations/train/round1/l5h_tOU_D9w_303.jpg,100,227,462,504,bovie
/home/egoodman/multitaskmodel/data/new_annotations/train/round1/l5h_tOU_D9w_405.jpg,420,371,632,472,bovie
/home/egoodman/multitaskmodel/data/new_annotations/train/round1/l5h_tOU_D9w_507.jpg,0,115,525,442,bovie
/home/egoodman/multitaskmodel/data/new_annotations/train/round1/l5h_tOU_D9w_609.jpg,640,175,1000,382,bovie
/home/egoodman/multitaskmodel/data/new_annotations/train/round1/L8k75Onag_o_6574.jpg,219,256,520,437,bovie
/home/egoodman/multitaskmodel/data/new_annotations/train/round1/L8k75Onag_o_15342.jpg,218,0,434,345,bovie
/home/egoodman/multitaskmodel/data/new_annotations/train/round1/lBmRC9LhFgw_3072.jpg,862,603,989,719,bovie
/home/egoodman/multitaskmodel/data/new_annotations/train/round1/LbqKFbnZvE4_4878.jpg,443,373,654,712,bovie
/home/egoodman/multitaskmodel/data/new_annotations/train/round1/LbqKFbnZvE4_9757.jpg,162,265,518,712,bovie
/home/egoodman/multitaskmodel/data/new_annotations/train/round1/LbqKFbnZvE4_13011.jpg,400,481,629,712,bovie
/home/egoodman/multitaskmodel/data/new_annotations/train/round1/LbqKFbnZvE4_14637.jpg,455,284,650,712,bovie
/home/egoodman/multitaskmodel/data/new_annotations/train/round1/LbqKFbnZvE4_17890.jpg,397,317,726,712,bovie
/home/egoodman/multitaskmodel/data/new_annotations/train/round1/LgmXCOICHLA_1586.jpg,188,135,597,312,bovie
/home/egoodman/multitaskmodel/data/new_annotations/train/round1/LgmXCOICHLA_2115.jpg,355,107,789,551,bovie
/home/egoodman/multitaskmodel/data/new_annotations/train/round1/LgmXCOICHLA_2645.jpg,159,10,761,691,bovie
/home/egoodman/multitaskmodel/data/new_annotations/train/round1/LVMCtRCJibI_4331.jpg,573,0,1272,276,bovie
/home/egoodman/multitaskmodel/data/new_annotations/train/round1/LVMCtRCJibI_5776.jpg,581,328,1272,447,bovie
/home/egoodman/multitaskmodel/data/new_annotations/train/round1/LVMCtRCJibI_10109.jpg,499,428,715,667,bovie
/home/egoodman/multitaskmodel/data/new_annotations/train/round1/LVMCtRCJibI_14443.jpg,667,173,1271,486,bovie
/home/egoodman/multitaskmodel/data/new_annotations/train/round1/mDvZwgwQ2oc_1366.jpg,510,3,625,206,bovie
/home/egoodman/multitaskmodel/data/new_annotations/train/round1/mDvZwgwQ2oc_1640.jpg,631,0,766,347,bovie
/home/egoodman/multitaskmodel/data/new_annotations/train/round1/mDvZwgwQ2oc_1914.jpg,560,2,724,335,bovie
/home/egoodman/multitaskmodel/data/new_annotations/train/round1/mDvZwgwQ2oc_2187.jpg,652,10,798,351,bovie
/home/egoodman/multitaskmodel/data/new_annotations/train/round1/Mp2m1AMx8Ks_1416.jpg,618,401,827,627,bovie
/home/egoodman/multitaskmodel/data/new_annotations/train/round1/Mp2m1AMx8Ks_1984.jpg,508,206,775,662,bovie
/home/egoodman/multitaskmodel/data/new_annotations/train/round1/mq8pdoUFZ8g_2389.jpg,136,78,308,159,bovie
/home/egoodman/multitaskmodel/data/new_annotations/train/round1/mq8pdoUFZ8g_2731.jpg,127,80,267,185,bovie
/home/egoodman/multitaskmodel/data/new_annotations/train/round1/mq8pdoUFZ8g_3073.jpg,69,173,304,249,bovie
/home/egoodman/multitaskmodel/data/new_annotations/train/round1/mq8pdoUFZ8g_3414.jpg,192,108,272,198,bovie
/home/egoodman/multitaskmodel/data/new_annotations/train/round1/mvYF35gw4Og_725.jpg,685,35,1091,260,bovie
/home/egoodman/multitaskmodel/data/new_annotations/train/round1/mvYF35gw4Og_907.jpg,934,533,1037,719,bovie
/home/egoodman/multitaskmodel/data/new_annotations/train/round1/N32N6VEcW2I_3318.jpg,0,164,162,251,bovie
/home/egoodman/multitaskmodel/data/new_annotations/train/round1/N32N6VEcW2I_5531.jpg,57,49,185,97,bovie
/home/egoodman/multitaskmodel/data/new_annotations/train/round1/N32N6VEcW2I_6638.jpg,0,199,189,312,bovie
/home/egoodman/multitaskmodel/data/new_annotations/train/round1/N6Er2hAGB3Y_2648.jpg,0,437,633,712,bovie
/home/egoodman/multitaskmodel/data/new_annotations/train/round1/N6Er2hAGB3Y_10597.jpg,0,256,923,658,bovie
/home/egoodman/multitaskmodel/data/new_annotations/train/round1/Nqyq0uaEBOg_1058.jpg,292,0,689,359,bovie
/home/egoodman/multitaskmodel/data/new_annotations/train/round1/oD5gC2ESBnk_20278.jpg,693,400,781,712,bovie
/home/egoodman/multitaskmodel/data/new_annotations/train/round1/oD5gC2ESBnk_23658.jpg,563,246,1150,712,bovie
/home/egoodman/multitaskmodel/data/new_annotations/train/round1/oD5gC2ESBnk_27038.jpg,159,546,273,712,bovie
/home/egoodman/multitaskmodel/data/new_annotations/train/round1/oD5gC2ESBnk_30418.jpg,274,412,385,712,bovie
/home/egoodman/multitaskmodel/data/new_annotations/train/round1/oD5gC2ESBnk_37178.jpg,676,158,799,712,bovie
/home/egoodman/multitaskmodel/data/new_annotations/train/round1/oD5gC2ESBnk_40558.jpg,547,382,728,712,bovie
/home/egoodman/multitaskmodel/data/new_annotations/train/round1/oewplXxSMrk_1856.jpg,450,409,590,712,bovie
/home/egoodman/multitaskmodel/data/new_annotations/train/round1/oewplXxSMrk_2227.jpg,555,511,696,712,bovie
/home/egoodman/multitaskmodel/data/new_annotations/train/round1/oewplXxSMrk_2599.jpg,493,278,820,681,bovie
/home/egoodman/multitaskmodel/data/new_annotations/train/round1/oewplXxSMrk_2971.jpg,411,166,863,712,bovie
/home/egoodman/multitaskmodel/data/new_annotations/train/round1/oewplXxSMrk_3714.jpg,200,266,673,714,bovie
/home/egoodman/multitaskmodel/data/new_annotations/train/round1/oewplXxSMrk_4085.jpg,532,277,731,712,bovie
/home/egoodman/multitaskmodel/data/new_annotations/train/round1/oewplXxSMrk_4457.jpg,627,221,785,711,bovie
/home/egoodman/multitaskmodel/data/new_annotations/train/round1/OMK_iNu3gIE_3753.jpg,759,433,1086,514,bovie
/home/egoodman/multitaskmodel/data/new_annotations/train/round1/OMK_iNu3gIE_5004.jpg,613,461,963,514,bovie
/home/egoodman/multitaskmodel/data/new_annotations/train/round1/OMK_iNu3gIE_8759.jpg,567,92,917,340,bovie
/home/egoodman/multitaskmodel/data/new_annotations/train/round1/OMK_iNu3gIE_10011.jpg,483,0,530,326,bovie
/home/egoodman/multitaskmodel/data/new_annotations/train/round1/OMK_iNu3gIE_11262.jpg,279,159,522,430,bovie
/home/egoodman/multitaskmodel/data/new_annotations/train/round1/OMK_iNu3gIE_12514.jpg,722,85,757,491,bovie
/home/egoodman/multitaskmodel/data/new_annotations/train/round1/OMK_iNu3gIE_13766.jpg,603,293,733,627,bovie
/home/egoodman/multitaskmodel/data/new_annotations/train/round1/OsYDOBpXC48_2351.jpg,0,235,724,712,bovie
/home/egoodman/multitaskmodel/data/new_annotations/train/round1/OsYDOBpXC48_3528.jpg,3,217,603,374,bovie
/home/egoodman/multitaskmodel/data/new_annotations/train/round1/OsYDOBpXC48_4116.jpg,0,89,692,338,bovie
/home/egoodman/multitaskmodel/data/new_annotations/train/round1/OsYDOBpXC48_4704.jpg,1,237,357,421,bovie
/home/egoodman/multitaskmodel/data/new_annotations/train/round1/ou4iO5ah9ys_5310.jpg,560,404,920,712,bovie
/home/egoodman/multitaskmodel/data/new_annotations/train/round1/OXlUtv2DIzY_9540.jpg,584,326,776,631,bovie
/home/egoodman/multitaskmodel/data/new_annotations/train/round1/OXlUtv2DIzY_11130.jpg,596,249,953,383,bovie
/home/egoodman/multitaskmodel/data/new_annotations/train/round1/panFAJHLz_Q_9578.jpg,0,27,135,311,bovie
/home/egoodman/multitaskmodel/data/new_annotations/train/round1/PC2SAKnlLok_1988.jpg,530,1,886,430,bovie
/home/egoodman/multitaskmodel/data/new_annotations/train/round1/pHLuvSmOJRQ_5360.jpg,87,449,677,712,bovie
/home/egoodman/multitaskmodel/data/new_annotations/train/round1/PqGpbc330j8_532.jpg,520,313,682,604,bovie
/home/egoodman/multitaskmodel/data/new_annotations/train/round1/PqGpbc330j8_710.jpg,445,217,652,381,bovie
/home/egoodman/multitaskmodel/data/new_annotations/train/round1/PqGpbc330j8_888.jpg,441,64,658,321,bovie
/home/egoodman/multitaskmodel/data/new_annotations/train/round1/PqGpbc330j8_1066.jpg,440,110,687,249,bovie
/home/egoodman/multitaskmodel/data/new_annotations/train/round1/PqGpbc330j8_1244.jpg,474,137,720,712,bovie
/home/egoodman/multitaskmodel/data/new_annotations/train/round1/PqGpbc330j8_1600.jpg,514,179,678,712,bovie
/home/egoodman/multitaskmodel/data/new_annotations/train/round1/PqGpbc330j8_1778.jpg,437,208,661,572,bovie
/home/egoodman/multitaskmodel/data/new_annotations/train/round1/pwWamkMfIR0_2782.jpg,678,139,940,478,bovie
/home/egoodman/multitaskmodel/data/new_annotations/train/round1/pwWamkMfIR0_3710.jpg,898,0,1098,165,bovie
/home/egoodman/multitaskmodel/data/new_annotations/train/round1/pwWamkMfIR0_4638.jpg,740,139,949,534,bovie
/home/egoodman/multitaskmodel/data/new_annotations/train/round1/pwWamkMfIR0_5566.jpg,475,60,770,534,bovie
/home/egoodman/multitaskmodel/data/new_annotations/train/round1/pwWamkMfIR0_6494.jpg,947,1,1066,316,bovie
/home/egoodman/multitaskmodel/data/new_annotations/train/round1/pwWamkMfIR0_7422.jpg,624,60,981,492,bovie
/home/egoodman/multitaskmodel/data/new_annotations/train/round1/QjYdLDYs4JI_3390.jpg,0,328,482,435,bovie
/home/egoodman/multitaskmodel/data/new_annotations/train/round1/QjYdLDYs4JI_4521.jpg,131,120,714,574,bovie
/home/egoodman/multitaskmodel/data/new_annotations/train/round1/QjYdLDYs4JI_5652.jpg,116,156,644,712,bovie
/home/egoodman/multitaskmodel/data/new_annotations/train/round1/QjYdLDYs4JI_6783.jpg,566,229,1222,620,bovie
/home/egoodman/multitaskmodel/data/new_annotations/train/round1/QjYdLDYs4JI_7914.jpg,102,284,370,657,bovie
/home/egoodman/multitaskmodel/data/new_annotations/train/round1/QjYdLDYs4JI_9044.jpg,375,475,1220,609,bovie
/home/egoodman/multitaskmodel/data/new_annotations/train/round1/RCU-R4p16SU_5536.jpg,766,461,1027,712,bovie
/home/egoodman/multitaskmodel/data/new_annotations/train/round1/RCU-R4p16SU_9228.jpg,695,448,741,712,bovie
/home/egoodman/multitaskmodel/data/new_annotations/train/round1/RCU-R4p16SU_12921.jpg,704,365,1119,460,bovie
/home/egoodman/multitaskmodel/data/new_annotations/train/round1/RCU-R4p16SU_14767.jpg,675,455,898,712,bovie
/home/egoodman/multitaskmodel/data/new_annotations/train/round1/RCU-R4p16SU_16613.jpg,661,453,996,712,bovie
/home/egoodman/multitaskmodel/data/new_annotations/train/round1/s0z0WYcC7dA_10067.jpg,625,235,1228,618,bovie
/home/egoodman/multitaskmodel/data/new_annotations/train/round1/s0z0WYcC7dA_12081.jpg,244,444,611,712,bovie
/home/egoodman/multitaskmodel/data/new_annotations/train/round1/s0z0WYcC7dA_14095.jpg,567,351,758,712,bovie
/home/egoodman/multitaskmodel/data/new_annotations/train/round1/s0z0WYcC7dA_16109.jpg,475,479,1045,712,bovie
/home/egoodman/multitaskmodel/data/new_annotations/train/round1/sFZchKZ10bc_2947.jpg,223,0,314,244,bovie
/home/egoodman/multitaskmodel/data/new_annotations/train/round1/sFZchKZ10bc_3684.jpg,300,70,388,356,bovie
/home/egoodman/multitaskmodel/data/new_annotations/train/round1/sFZchKZ10bc_4421.jpg,311,116,428,356,bovie
/home/egoodman/multitaskmodel/data/new_annotations/train/round1/SRQb7RGQ52M_1580.jpg,743,407,1003,656,bovie
/home/egoodman/multitaskmodel/data/new_annotations/train/round1/StuUjtXj6u8_2142.jpg,279,162,354,265,bovie
/home/egoodman/multitaskmodel/data/new_annotations/train/round1/StuUjtXj6u8_2678.jpg,285,145,375,341,bovie
/home/egoodman/multitaskmodel/data/new_annotations/train/round1/StuUjtXj6u8_3214.jpg,288,172,421,313,bovie
/home/egoodman/multitaskmodel/data/new_annotations/train/round1/StuUjtXj6u8_4822.jpg,166,78,456,334,bovie
/home/egoodman/multitaskmodel/data/new_annotations/train/round1/StuUjtXj6u8_5358.jpg,234,174,450,357,bovie
/home/egoodman/multitaskmodel/data/new_annotations/train/round1/StuUjtXj6u8_5894.jpg,232,181,381,316,bovie
/home/egoodman/multitaskmodel/data/new_annotations/train/round1/StuUjtXj6u8_6430.jpg,180,150,425,334,bovie
/home/egoodman/multitaskmodel/data/new_annotations/train/round1/sWxGr_rj7rM_3564.jpg,551,0,760,335,bovie
/home/egoodman/multitaskmodel/data/new_annotations/train/round1/sWxGr_rj7rM_4753.jpg,477,2,711,268,bovie
/home/egoodman/multitaskmodel/data/new_annotations/train/round1/sWxGr_rj7rM_5942.jpg,893,0,1022,407,bovie
/home/egoodman/multitaskmodel/data/new_annotations/train/round1/sWxGr_rj7rM_8319.jpg,506,0,810,398,bovie
/home/egoodman/multitaskmodel/data/new_annotations/train/round1/synW6molzgA_6963.jpg,520,438,809,542,bovie
/home/egoodman/multitaskmodel/data/new_annotations/train/round1/synW6molzgA_9284.jpg,414,116,751,708,bovie
/home/egoodman/multitaskmodel/data/new_annotations/train/round1/synW6molzgA_10445.jpg,762,0,1182,531,bovie
/home/egoodman/multitaskmodel/data/new_annotations/train/round1/synW6molzgA_11606.jpg,288,7,721,458,bovie
/home/egoodman/multitaskmodel/data/new_annotations/train/round1/Sz57XML7IGA_3498.jpg,599,391,701,712,bovie
/home/egoodman/multitaskmodel/data/new_annotations/train/round1/T03GIXho9mY_1403.jpg,0,6,696,330,bovie
/home/egoodman/multitaskmodel/data/new_annotations/train/round1/T03GIXho9mY_1871.jpg,68,374,622,496,bovie
/home/egoodman/multitaskmodel/data/new_annotations/train/round1/T03GIXho9mY_2339.jpg,659,395,930,639,bovie
/home/egoodman/multitaskmodel/data/new_annotations/train/round1/T03GIXho9mY_5149.jpg,645,519,749,712,bovie
/home/egoodman/multitaskmodel/data/new_annotations/train/round1/T03GIXho9mY_5618.jpg,743,465,963,693,bovie
/home/egoodman/multitaskmodel/data/new_annotations/train/round1/T5sNqOFwTfQ_3120.jpg,0,324,504,719,bovie
/home/egoodman/multitaskmodel/data/new_annotations/train/round1/T5sNqOFwTfQ_6243.jpg,1,474,811,643,bovie
/home/egoodman/multitaskmodel/data/new_annotations/train/round1/T5sNqOFwTfQ_7284.jpg,298,98,725,432,bovie
/home/egoodman/multitaskmodel/data/new_annotations/train/round1/T5sNqOFwTfQ_8325.jpg,0,200,794,476,bovie
/home/egoodman/multitaskmodel/data/new_annotations/train/round1/T5sNqOFwTfQ_10407.jpg,1,375,610,668,bovie
/home/egoodman/multitaskmodel/data/new_annotations/train/round1/T5sNqOFwTfQ_12489.jpg,1,323,720,488,bovie
/home/egoodman/multitaskmodel/data/new_annotations/train/round1/TcYgRmsw_jg_1454.jpg,520,0,743,338,bovie
/home/egoodman/multitaskmodel/data/new_annotations/train/round1/TcYgRmsw_jg_1940.jpg,645,277,1272,597,bovie
/home/egoodman/multitaskmodel/data/new_annotations/train/round1/TcYgRmsw_jg_2425.jpg,726,0,1112,324,bovie
/home/egoodman/multitaskmodel/data/new_annotations/train/round1/TcYgRmsw_jg_3396.jpg,669,0,951,295,bovie
/home/egoodman/multitaskmodel/data/new_annotations/train/round1/TcYgRmsw_jg_3396.jpg,627,0,706,307,bovie
/home/egoodman/multitaskmodel/data/new_annotations/train/round1/thgXniYmwII_798.jpg,0,208,697,321,bovie
/home/egoodman/multitaskmodel/data/new_annotations/train/round1/thgXniYmwII_958.jpg,3,226,716,333,bovie
/home/egoodman/multitaskmodel/data/new_annotations/train/round1/thgXniYmwII_1118.jpg,2,222,690,394,bovie
/home/egoodman/multitaskmodel/data/new_annotations/train/round1/thgXniYmwII_1278.jpg,5,167,665,400,bovie
/home/egoodman/multitaskmodel/data/new_annotations/train/round1/thgXniYmwII_1438.jpg,0,155,630,480,bovie
/home/egoodman/multitaskmodel/data/new_annotations/train/round1/tOLu-p5V-7o_2653.jpg,594,477,1172,712,bovie
/home/egoodman/multitaskmodel/data/new_annotations/train/round1/tOLu-p5V-7o_3538.jpg,518,381,1109,712,bovie
/home/egoodman/multitaskmodel/data/new_annotations/train/round1/txCYSkZIrjE_4439.jpg,834,219,1271,313,bovie
/home/egoodman/multitaskmodel/data/new_annotations/train/round1/txCYSkZIrjE_10361.jpg,753,230,1031,712,bovie
/home/egoodman/multitaskmodel/data/new_annotations/train/round1/txCYSkZIrjE_17764.jpg,871,57,1066,502,bovie
/home/egoodman/multitaskmodel/data/new_annotations/train/round1/uGT08nyk7qA_14628.jpg,558,0,820,480,bovie
/home/egoodman/multitaskmodel/data/new_annotations/train/round1/uGT08nyk7qA_15958.jpg,662,1,767,412,bovie
/home/egoodman/multitaskmodel/data/new_annotations/train/round1/Uy2fFSuYfpE_3998.jpg,511,230,1128,432,bovie
/home/egoodman/multitaskmodel/data/new_annotations/train/round1/Uy2fFSuYfpE_5331.jpg,179,1,668,388,bovie
/home/egoodman/multitaskmodel/data/new_annotations/train/round1/Uy2fFSuYfpE_6664.jpg,622,50,891,416,bovie
/home/egoodman/multitaskmodel/data/new_annotations/train/round1/Uy2fFSuYfpE_7998.jpg,573,240,1130,493,bovie
/home/egoodman/multitaskmodel/data/new_annotations/train/round1/Uy2fFSuYfpE_9331.jpg,828,268,1137,540,bovie
/home/egoodman/multitaskmodel/data/new_annotations/train/round1/Uy2fFSuYfpE_10664.jpg,655,447,1134,633,bovie
/home/egoodman/multitaskmodel/data/new_annotations/train/round1/Uy2fFSuYfpE_11997.jpg,496,342,1134,604,bovie
/home/egoodman/multitaskmodel/data/new_annotations/train/round1/V3Fd-cRcdCA_2494.jpg,345,312,384,360,bovie
/home/egoodman/multitaskmodel/data/new_annotations/train/round1/V6pL0fMsVn0_11966.jpg,0,138,541,328,bovie
/home/egoodman/multitaskmodel/data/new_annotations/train/round1/vfHOapUt5kA_1478.jpg,170,0,597,405,bovie
/home/egoodman/multitaskmodel/data/new_annotations/train/round1/vfHOapUt5kA_2465.jpg,182,103,812,363,bovie
/home/egoodman/multitaskmodel/data/new_annotations/train/round1/vfHOapUt5kA_4439.jpg,487,0,590,396,bovie
/home/egoodman/multitaskmodel/data/new_annotations/train/round1/VFyJ65hEF3k_1310.jpg,673,0,1018,426,bovie
/home/egoodman/multitaskmodel/data/new_annotations/train/round1/VFyJ65hEF3k_2185.jpg,508,179,870,712,bovie
/home/egoodman/multitaskmodel/data/new_annotations/train/round1/VL_UNwlWd3c_4339.jpg,353,20,636,153,bovie
/home/egoodman/multitaskmodel/data/new_annotations/train/round1/vtK1XN4ZaU4_5919.jpg,214,253,425,309,bovie
/home/egoodman/multitaskmodel/data/new_annotations/train/round1/VvkCaxXqFfY_1636.jpg,77,150,356,389,bovie
/home/egoodman/multitaskmodel/data/new_annotations/train/round1/VvkCaxXqFfY_2455.jpg,167,84,352,334,bovie
/home/egoodman/multitaskmodel/data/new_annotations/train/round1/VvkCaxXqFfY_4093.jpg,457,87,506,391,bovie
/home/egoodman/multitaskmodel/data/new_annotations/train/round1/VvkCaxXqFfY_4913.jpg,208,108,491,342,bovie
/home/egoodman/multitaskmodel/data/new_annotations/train/round1/VvTrKCFtZhA_6518.jpg,227,1,390,309,bovie
/home/egoodman/multitaskmodel/data/new_annotations/train/round1/VvTrKCFtZhA_7604.jpg,436,2,697,344,bovie
/home/egoodman/multitaskmodel/data/new_annotations/train/round1/VyN4c_wsZuY_1796.jpg,687,323,1258,495,bovie
/home/egoodman/multitaskmodel/data/new_annotations/train/round1/VyN4c_wsZuY_2995.jpg,679,294,1088,720,bovie
/home/egoodman/multitaskmodel/data/new_annotations/train/round1/VyN4c_wsZuY_3594.jpg,744,312,1171,720,bovie
/home/egoodman/multitaskmodel/data/new_annotations/train/round1/VyN4c_wsZuY_4193.jpg,708,280,1114,714,bovie
/home/egoodman/multitaskmodel/data/new_annotations/train/round1/VyN4c_wsZuY_5392.jpg,181,56,344,719,bovie
/home/egoodman/multitaskmodel/data/new_annotations/train/round1/VyN4c_wsZuY_5992.jpg,282,1,762,367,bovie
/home/egoodman/multitaskmodel/data/new_annotations/train/round1/VyN4c_wsZuY_7190.jpg,110,163,478,425,bovie
/home/egoodman/multitaskmodel/data/new_annotations/train/round1/wBADkB_PFkA_1184.jpg,317,1,451,164,bovie
/home/egoodman/multitaskmodel/data/new_annotations/train/round1/wDu9VyqfNu8_16181.jpg,443,400,703,542,bovie
/home/egoodman/multitaskmodel/data/new_annotations/train/round1/wEivan1FAIA_2248.jpg,218,15,318,170,bovie
/home/egoodman/multitaskmodel/data/new_annotations/train/round1/wEivan1FAIA_4498.jpg,236,1,344,151,bovie
/home/egoodman/multitaskmodel/data/new_annotations/train/round1/wEivan1FAIA_5998.jpg,347,0,437,116,bovie
/home/egoodman/multitaskmodel/data/new_annotations/train/round1/wmDkmO4PAYI_4480.jpg,205,89,227,161,bovie
/home/egoodman/multitaskmodel/data/new_annotations/train/round1/wmDkmO4PAYI_5974.jpg,204,174,219,293,bovie
/home/egoodman/multitaskmodel/data/new_annotations/train/round1/wmDkmO4PAYI_8962.jpg,107,170,177,357,bovie
/home/egoodman/multitaskmodel/data/new_annotations/train/round1/WTO1F3NG8PE_5944.jpg,313,77,476,113,bovie
/home/egoodman/multitaskmodel/data/new_annotations/train/round1/WTO1F3NG8PE_8917.jpg,153,274,193,360,bovie
/home/egoodman/multitaskmodel/data/new_annotations/train/round1/WTO1F3NG8PE_10404.jpg,303,117,441,165,bovie
/home/egoodman/multitaskmodel/data/new_annotations/train/round1/WTO1F3NG8PE_11891.jpg,31,169,277,346,bovie
/home/egoodman/multitaskmodel/data/new_annotations/train/round1/wZTMcbt85J4_2473.jpg,289,173,431,232,bovie
/home/egoodman/multitaskmodel/data/new_annotations/train/round1/wZTMcbt85J4_3298.jpg,261,182,384,205,bovie
/home/egoodman/multitaskmodel/data/new_annotations/train/round1/wZTMcbt85J4_5774.jpg,146,42,299,145,bovie
/home/egoodman/multitaskmodel/data/new_annotations/train/round1/XnkQgjOM5RU_6691.jpg,487,2,1271,624,bovie
/home/egoodman/multitaskmodel/data/new_annotations/train/round1/XnkQgjOM5RU_8029.jpg,528,186,1269,477,bovie
/home/egoodman/multitaskmodel/data/new_annotations/train/round1/XnkQgjOM5RU_9368.jpg,576,1,877,302,bovie
/home/egoodman/multitaskmodel/data/new_annotations/train/round1/XnkQgjOM5RU_12045.jpg,493,0,895,406,bovie
/home/egoodman/multitaskmodel/data/new_annotations/train/round1/XnkQgjOM5RU_13384.jpg,203,17,392,420,bovie
/home/egoodman/multitaskmodel/data/new_annotations/train/round1/XnkQgjOM5RU_14723.jpg,256,0,1271,325,bovie
/home/egoodman/multitaskmodel/data/new_annotations/train/round1/XnkQgjOM5RU_16061.jpg,510,0,670,525,bovie
/home/egoodman/multitaskmodel/data/new_annotations/train/round1/XZleSz21hik_2557.jpg,645,255,1190,444,bovie
/home/egoodman/multitaskmodel/data/new_annotations/train/round1/XZleSz21hik_3410.jpg,685,436,1134,609,bovie
/home/egoodman/multitaskmodel/data/new_annotations/train/round1/XZleSz21hik_4263.jpg,711,305,1174,424,bovie
/home/egoodman/multitaskmodel/data/new_annotations/train/round1/XZleSz21hik_5116.jpg,682,154,1186,321,bovie
/home/egoodman/multitaskmodel/data/new_annotations/train/round1/XZleSz21hik_5970.jpg,643,453,1098,530,bovie
/home/egoodman/multitaskmodel/data/new_annotations/train/round1/YFs_AfPeK84_3868.jpg,284,116,477,205,bovie
/home/egoodman/multitaskmodel/data/new_annotations/train/round1/YFs_AfPeK84_4513.jpg,166,0,434,180,bovie
/home/egoodman/multitaskmodel/data/new_annotations/train/round1/YFs_AfPeK84_5158.jpg,298,36,476,156,bovie
/home/egoodman/multitaskmodel/data/new_annotations/train/round1/YFs_AfPeK84_7738.jpg,269,154,477,235,bovie
/home/egoodman/multitaskmodel/data/new_annotations/train/round1/Yl3S1UtzmFI_1756.jpg,179,156,243,312,bovie
/home/egoodman/multitaskmodel/data/new_annotations/train/round1/YLz8sAnLDM8_2206.jpg,764,506,880,720,bovie
/home/egoodman/multitaskmodel/data/new_annotations/train/round1/YLz8sAnLDM8_3862.jpg,664,497,880,708,bovie
/home/egoodman/multitaskmodel/data/new_annotations/train/round1/YLz8sAnLDM8_4414.jpg,628,115,1268,514,bovie
/home/egoodman/multitaskmodel/data/new_annotations/train/round1/Z4Z03ebdSa8_5142.jpg,607,1,752,383,bovie
/home/egoodman/multitaskmodel/data/new_annotations/train/round1/Z4Z03ebdSa8_6171.jpg,586,1,875,340,bovie
/home/egoodman/multitaskmodel/data/new_annotations/train/round1/Z4Z03ebdSa8_9258.jpg,532,1,1127,169,bovie
/home/egoodman/multitaskmodel/data/new_annotations/train/round1/Z4Z03ebdSa8_10287.jpg,422,497,598,720,bovie
/home/egoodman/multitaskmodel/data/new_annotations/train/round1/Z4Z03ebdSa8_12345.jpg,464,398,696,528,bovie
/home/egoodman/multitaskmodel/data/new_annotations/train/round1/zNnwVj9whYA_3228.jpg,281,214,494,355,bovie
/home/egoodman/multitaskmodel/data/new_annotations/train/round1/ZP58Wx0QaWE_879.jpg,151,120,564,702,bovie
/home/egoodman/multitaskmodel/data/new_annotations/train/round1/ZP58Wx0QaWE_1466.jpg,144,172,816,559,bovie
/home/egoodman/multitaskmodel/data/new_annotations/train/round1/ZP58Wx0QaWE_1760.jpg,428,244,661,716,bovie
/home/egoodman/multitaskmodel/data/new_annotations/train/round1/ZP58Wx0QaWE_2053.jpg,529,210,618,367,bovie
/home/egoodman/multitaskmodel/data/new_annotations/train/round1/ZP58Wx0QaWE_2347.jpg,226,214,1011,709,bovie
/home/egoodman/multitaskmodel/data/new_annotations/train/round1/ZP58Wx0QaWE_2935.jpg,564,279,936,677,bovie
/home/egoodman/multitaskmodel/data/new_annotations/train/round1/ZP58Wx0QaWE_3522.jpg,404,439,560,504,bovie
/home/egoodman/multitaskmodel/data/new_annotations/train/round1/zRk7vi3FsyU_5134.jpg,313,0,340,258,bovie
/home/egoodman/multitaskmodel/data/new_annotations/train/round1/zRk7vi3FsyU_6847.jpg,516,216,621,356,bovie
/home/egoodman/multitaskmodel/data/new_annotations/train/round1/ZyWXlbQ8XdI_21056.jpg,537,0,651,292,bovie
/home/egoodman/multitaskmodel/data/new_annotations/train/round1/ZyWXlbQ8XdI_23162.jpg,702,0,933,458,bovie
/home/egoodman/multitaskmodel/data/new_annotations/train/round1/_35HaYVPBIA_1460.jpg,95,0,200,114,bovie
/home/egoodman/multitaskmodel/data/new_annotations/train/round1/_lCgV4ZgAao_4972.jpg,316,0,426,327,bovie
/home/egoodman/multitaskmodel/data/surgical_signatures/pseudo-videos/vid-177-frame-12220.jpg,310,110,418,206,bovie
/home/egoodman/multitaskmodel/data/surgical_signatures/pseudo-videos/vid-283-frame-994.jpg,41,58,86,123,bovie
/home/egoodman/multitaskmodel/data/surgical_signatures/pseudo-videos/vid-25-frame-2877.jpg,218,31,273,158,bovie
/home/egoodman/multitaskmodel/data/surgical_signatures/pseudo-videos/vid-77-frame-10592.jpg,130,146,339,216,bovie
/home/egoodman/multitaskmodel/data/surgical_signatures/pseudo-videos/vid-155-frame-2030.jpg,116,106,243,236,bovie
/home/egoodman/multitaskmodel/data/surgical_signatures/pseudo-videos/vid-224-frame-9320.jpg,175,0,336,149,bovie
/home/egoodman/multitaskmodel/data/surgical_signatures/pseudo-videos/vid-67-frame-1068.jpg,148,36,224,77,bovie
/home/egoodman/multitaskmodel/data/surgical_signatures/pseudo-videos/vid-254-frame-2375.jpg,72,47,208,113,bovie
/home/egoodman/multitaskmodel/data/surgical_signatures/pseudo-videos/vid-29-frame-7554.jpg,133,44,208,220,bovie
/home/egoodman/multitaskmodel/data/surgical_signatures/pseudo-videos/vid-186-frame-3108.jpg,128,91,299,201,bovie
/home/egoodman/multitaskmodel/data/surgical_signatures/pseudo-videos/vid-51-frame-13008.jpg,138,159,209,234,bovie
/home/egoodman/multitaskmodel/data/surgical_signatures/pseudo-videos/vid-288-frame-872.jpg,216,27,322,186,bovie
/home/egoodman/multitaskmodel/data/surgical_signatures/pseudo-videos/vid-84-frame-4552.jpg,30,47,217,129,bovie
/home/egoodman/multitaskmodel/data/surgical_signatures/pseudo-videos/vid-283-frame-923.jpg,39,34,82,109,bovie
/home/egoodman/multitaskmodel/data/surgical_signatures/pseudo-videos/vid-70-frame-1708.jpg,155,148,231,234,bovie
/home/egoodman/multitaskmodel/data/surgical_signatures/pseudo-videos/vid-21-frame-874.jpg,285,165,400,220,bovie
/home/egoodman/multitaskmodel/data/surgical_signatures/pseudo-videos/vid-277-frame-9186.jpg,210,81,432,153,bovie
/home/egoodman/multitaskmodel/data/surgical_signatures/pseudo-videos/vid-177-frame-13442.jpg,256,30,432,155,bovie
/home/egoodman/multitaskmodel/data/surgical_signatures/pseudo-videos/vid-143-frame-1022.jpg,302,58,391,200,bovie
/home/egoodman/multitaskmodel/data/surgical_signatures/pseudo-videos/vid-61-frame-307.jpg,134,50,324,132,bovie
/home/egoodman/multitaskmodel/data/surgical_signatures/pseudo-videos/vid-118-frame-12384.jpg,239,51,298,161,bovie
/home/egoodman/multitaskmodel/data/surgical_signatures/pseudo-videos/vid-131-frame-3699.jpg,53,6,220,88,bovie
/home/egoodman/multitaskmodel/data/surgical_signatures/pseudo-videos/vid-116-frame-488.jpg,28,40,62,108,bovie
/home/egoodman/multitaskmodel/data/surgical_signatures/pseudo-videos/vid-249-frame-10116.jpg,72,55,217,231,bovie
/home/egoodman/multitaskmodel/data/surgical_signatures/pseudo-videos/vid-256-frame-7256.jpg,218,4,322,100,bovie
/home/egoodman/multitaskmodel/data/surgical_signatures/pseudo-videos/vid-107-frame-805.jpg,155,34,221,112,bovie
/home/egoodman/multitaskmodel/data/surgical_signatures/pseudo-videos/vid-170-frame-150.jpg,268,0,331,136,bovie
/home/egoodman/multitaskmodel/data/surgical_signatures/pseudo-videos/vid-103-frame-1479.jpg,206,15,384,111,bovie
/home/egoodman/multitaskmodel/data/surgical_signatures/pseudo-videos/vid-196-frame-1008.jpg,129,137,317,230,bovie
/home/egoodman/multitaskmodel/data/surgical_signatures/pseudo-videos/vid-212-frame-16080.jpg,179,2,233,140,bovie
/home/egoodman/multitaskmodel/data/surgical_signatures/pseudo-videos/vid-29-frame-6295.jpg,159,32,241,217,bovie
/home/egoodman/multitaskmodel/data/surgical_signatures/pseudo-videos/vid-204-frame-924.jpg,109,10,167,129,bovie
/home/egoodman/multitaskmodel/data/surgical_signatures/pseudo-videos/vid-212-frame-6700.jpg,217,6,382,136,bovie
/home/egoodman/multitaskmodel/data/surgical_signatures/pseudo-videos/vid-58-frame-4074.jpg,41,69,184,234,bovie
/home/egoodman/multitaskmodel/data/surgical_signatures/pseudo-videos/vid-241-frame-2300.jpg,146,13,312,112,bovie
/home/egoodman/multitaskmodel/data/surgical_signatures/pseudo-videos/vid-196-frame-1638.jpg,129,108,247,241,bovie
/home/egoodman/multitaskmodel/data/surgical_signatures/pseudo-videos/vid-255-frame-1874.jpg,52,103,209,199,bovie
/home/egoodman/multitaskmodel/data/surgical_signatures/pseudo-videos/vid-264-frame-4624.jpg,247,60,413,160,bovie
/home/egoodman/multitaskmodel/data/surgical_signatures/pseudo-videos/vid-54-frame-1676.jpg,89,39,191,122,bovie
/home/egoodman/multitaskmodel/data/surgical_signatures/pseudo-videos/vid-70-frame-1281.jpg,0,78,140,220,bovie
/home/egoodman/multitaskmodel/data/surgical_signatures/pseudo-videos/vid-79-frame-9288.jpg,125,35,243,224,bovie
/home/egoodman/multitaskmodel/data/surgical_signatures/pseudo-videos/vid-144-frame-4515.jpg,117,4,295,115,bovie
/home/egoodman/multitaskmodel/data/surgical_signatures/pseudo-videos/vid-49-frame-2096.jpg,0,45,190,135,bovie
/home/egoodman/multitaskmodel/data/surgical_signatures/pseudo-videos/vid-252-frame-3006.jpg,123,89,236,223,bovie
/home/egoodman/multitaskmodel/data/surgical_signatures/pseudo-videos/vid-34-frame-2976.jpg,17,97,124,161,bovie
/home/egoodman/multitaskmodel/data/surgical_signatures/pseudo-videos/vid-223-frame-4050.jpg,72,80,245,169,bovie
/home/egoodman/multitaskmodel/data/surgical_signatures/pseudo-videos/vid-201-frame-2040.jpg,0,88,223,221,bovie
/home/egoodman/multitaskmodel/data/surgical_signatures/pseudo-videos/vid-67-frame-1246.jpg,161,46,239,229,bovie
/home/egoodman/multitaskmodel/data/surgical_signatures/pseudo-videos/vid-58-frame-5820.jpg,32,75,135,228,bovie
/home/egoodman/multitaskmodel/data/surgical_signatures/pseudo-videos/vid-227-frame-1859.jpg,150,17,196,135,bovie
/home/egoodman/multitaskmodel/data/surgical_signatures/pseudo-videos/vid-172-frame-1636.jpg,28,48,118,129,bovie
/home/egoodman/multitaskmodel/data/surgical_signatures/pseudo-videos/vid-51-frame-17886.jpg,133,112,235,230,bovie
/home/egoodman/multitaskmodel/data/surgical_signatures/pseudo-videos/vid-116-frame-854.jpg,52,20,97,91,bovie
/home/egoodman/multitaskmodel/data/surgical_signatures/pseudo-videos/vid-29-frame-1259.jpg,46,19,218,132,bovie
/home/egoodman/multitaskmodel/data/surgical_signatures/pseudo-videos/vid-71-frame-684.jpg,96,19,264,109,bovie
/home/egoodman/multitaskmodel/data/surgical_signatures/pseudo-videos/vid-124-frame-6754.jpg,262,52,334,202,bovie
/home/egoodman/multitaskmodel/data/surgical_signatures/pseudo-videos/vid-54-frame-2514.jpg,94,96,205,159,bovie
/home/egoodman/multitaskmodel/data/surgical_signatures/pseudo-videos/vid-159-frame-1235.jpg,180,22,349,144,bovie
/home/egoodman/multitaskmodel/data/surgical_signatures/pseudo-videos/vid-51-frame-4878.jpg,150,119,216,233,bovie
/home/egoodman/multitaskmodel/data/surgical_signatures/pseudo-videos/vid-289-frame-3107.jpg,0,102,118,239,bovie
/home/egoodman/multitaskmodel/data/surgical_signatures/pseudo-videos/vid-15-frame-10930.jpg,181,119,400,183,bovie
/home/egoodman/multitaskmodel/data/surgical_signatures/pseudo-videos/vid-49-frame-3144.jpg,113,9,292,115,bovie
/home/egoodman/multitaskmodel/data/surgical_signatures/pseudo-videos/vid-54-frame-0.jpg,81,76,189,126,bovie
/home/egoodman/multitaskmodel/data/surgical_signatures/pseudo-videos/vid-67-frame-1780.jpg,145,66,220,195,bovie
/home/egoodman/multitaskmodel/data/surgical_signatures/pseudo-videos/vid-232-frame-3450.jpg,160,1,336,157,bovie
/home/egoodman/multitaskmodel/data/surgical_signatures/pseudo-videos/vid-130-frame-7510.jpg,142,119,245,184,bovie
/home/egoodman/multitaskmodel/data/surgical_signatures/pseudo-videos/vid-35-frame-3176.jpg,0,9,149,124,bovie
/home/egoodman/multitaskmodel/data/surgical_signatures/pseudo-videos/vid-71-frame-1368.jpg,222,13,340,142,bovie
/home/egoodman/multitaskmodel/data/surgical_signatures/pseudo-videos/vid-236-frame-9594.jpg,143,136,216,179,bovie
/home/egoodman/multitaskmodel/data/surgical_signatures/pseudo-videos/vid-71-frame-3078.jpg,124,120,174,233,bovie
/home/egoodman/multitaskmodel/data/surgical_signatures/pseudo-videos/vid-145-frame-7924.jpg,133,47,326,145,bovie
/home/egoodman/multitaskmodel/data/surgical_signatures/pseudo-videos/vid-15-frame-9837.jpg,164,106,408,179,bovie
/home/egoodman/multitaskmodel/data/surgical_signatures/pseudo-videos/vid-71-frame-342.jpg,140,47,198,159,bovie
/home/egoodman/multitaskmodel/data/surgical_signatures/pseudo-videos/vid-213-frame-2815.jpg,162,178,210,235,bovie
/home/egoodman/multitaskmodel/data/surgical_signatures/pseudo-videos/vid-256-frame-907.jpg,17,49,243,107,bovie
/home/egoodman/multitaskmodel/data/surgical_signatures/pseudo-videos/vid-212-frame-12060.jpg,161,1,297,141,bovie
/home/egoodman/multitaskmodel/data/surgical_signatures/pseudo-videos/vid-132-frame-1385.jpg,238,88,409,165,bovie
/home/egoodman/multitaskmodel/data/surgical_signatures/pseudo-videos/vid-132-frame-1939.jpg,218,0,290,132,bovie
/home/egoodman/multitaskmodel/data/surgical_signatures/pseudo-videos/vid-161-frame-2838.jpg,257,51,378,177,bovie
/home/egoodman/multitaskmodel/data/surgical_signatures/pseudo-videos/vid-227-frame-2028.jpg,108,23,278,155,bovie
/home/egoodman/multitaskmodel/data/surgical_signatures/pseudo-videos/vid-106-frame-384.jpg,236,16,408,112,bovie
/home/egoodman/multitaskmodel/data/surgical_signatures/pseudo-videos/vid-212-frame-1340.jpg,206,0,395,136,bovie
/home/egoodman/multitaskmodel/data/surgical_signatures/pseudo-videos/vid-29-frame-10072.jpg,146,60,217,240,bovie
/home/egoodman/multitaskmodel/data/surgical_signatures/pseudo-videos/vid-221-frame-11186.jpg,143,132,211,231,bovie
/home/egoodman/multitaskmodel/data/surgical_signatures/pseudo-videos/vid-190-frame-6325.jpg,203,47,407,115,bovie
/home/egoodman/multitaskmodel/data/surgical_signatures/pseudo-videos/vid-219-frame-5778.jpg,205,131,361,208,bovie
/home/egoodman/multitaskmodel/data/surgical_signatures/pseudo-videos/vid-90-frame-4970.jpg,191,112,371,232,bovie
/home/egoodman/multitaskmodel/data/surgical_signatures/pseudo-videos/vid-220-frame-681.jpg,179,88,241,207,bovie
/home/egoodman/multitaskmodel/data/surgical_signatures/pseudo-videos/vid-54-frame-419.jpg,78,73,207,128,bovie
/home/egoodman/multitaskmodel/data/surgical_signatures/pseudo-videos/vid-288-frame-2616.jpg,169,0,274,169,bovie
/home/egoodman/multitaskmodel/data/surgical_signatures/pseudo-videos/vid-224-frame-11650.jpg,247,127,413,224,bovie
/home/egoodman/multitaskmodel/data/surgical_signatures/pseudo-videos/vid-230-frame-3409.jpg,280,0,414,73,bovie
/home/egoodman/multitaskmodel/data/surgical_signatures/pseudo-videos/vid-203-frame-716.jpg,46,92,233,230,bovie
/home/egoodman/multitaskmodel/data/surgical_signatures/pseudo-videos/vid-21-frame-2185.jpg,172,68,291,242,bovie
/home/egoodman/multitaskmodel/data/surgical_signatures/pseudo-videos/vid-237-frame-5568.jpg,176,10,312,148,bovie
/home/egoodman/multitaskmodel/data/surgical_signatures/pseudo-videos/vid-247-frame-256.jpg,64,53,243,150,bovie
/home/egoodman/multitaskmodel/data/surgical_signatures/pseudo-videos/vid-9-frame-2150.jpg,107,129,165,237,bovie
/home/egoodman/multitaskmodel/data/surgical_signatures/pseudo-videos/vid-87-frame-23166.jpg,222,0,290,136,bovie
/home/egoodman/multitaskmodel/data/surgical_signatures/pseudo-videos/vid-159-frame-1976.jpg,194,10,310,142,bovie
/home/egoodman/multitaskmodel/data/surgical_signatures/pseudo-videos/vid-82-frame-11889.jpg,56,43,242,127,bovie
/home/egoodman/multitaskmodel/data/surgical_signatures/pseudo-videos/vid-270-frame-4270.jpg,149,118,272,241,bovie
/home/egoodman/multitaskmodel/data/surgical_signatures/pseudo-videos/vid-1-frame-3462.jpg,162,13,368,127,bovie
/home/egoodman/multitaskmodel/data/surgical_signatures/pseudo-videos/vid-77-frame-7944.jpg,172,23,420,157,bovie
/home/egoodman/multitaskmodel/data/surgical_signatures/pseudo-videos/vid-179-frame-2457.jpg,64,14,156,119,bovie
/home/egoodman/multitaskmodel/data/surgical_signatures/pseudo-videos/vid-190-frame-4025.jpg,188,29,360,188,bovie
/home/egoodman/multitaskmodel/data/surgical_signatures/pseudo-videos/vid-249-frame-5058.jpg,230,100,407,194,bovie
/home/egoodman/multitaskmodel/data/surgical_signatures/pseudo-videos/vid-221-frame-799.jpg,146,123,209,226,bovie
/home/egoodman/multitaskmodel/data/surgical_signatures/pseudo-videos/vid-106-frame-3072.jpg,207,7,381,107,bovie
/home/egoodman/multitaskmodel/data/surgical_signatures/pseudo-videos/vid-29-frame-13849.jpg,96,2,254,163,bovie
/home/egoodman/multitaskmodel/data/surgical_signatures/pseudo-videos/vid-170-frame-50.jpg,271,0,342,144,bovie
/home/egoodman/multitaskmodel/data/surgical_signatures/pseudo-videos/vid-240-frame-3918.jpg,125,69,191,229,bovie
/home/egoodman/multitaskmodel/data/surgical_signatures/pseudo-videos/vid-170-frame-75.jpg,273,0,335,150,bovie
/home/egoodman/multitaskmodel/data/surgical_signatures/pseudo-videos/vid-98-frame-29781.jpg,203,56,398,157,bovie
/home/egoodman/multitaskmodel/data/surgical_signatures/pseudo-videos/vid-140-frame-42637.jpg,168,105,318,203,bovie
/home/egoodman/multitaskmodel/data/surgical_signatures/pseudo-videos/vid-219-frame-7704.jpg,205,124,392,200,bovie
/home/egoodman/multitaskmodel/data/surgical_signatures/pseudo-videos/vid-170-frame-200.jpg,263,0,331,147,bovie
/home/egoodman/multitaskmodel/data/surgical_signatures/pseudo-videos/vid-237-frame-3712.jpg,182,28,321,152,bovie
/home/egoodman/multitaskmodel/data/surgical_signatures/pseudo-videos/vid-21-frame-1311.jpg,236,0,329,136,bovie
/home/egoodman/multitaskmodel/data/surgical_signatures/pseudo-videos/vid-67-frame-1602.jpg,174,45,225,239,bovie
/home/egoodman/multitaskmodel/data/surgical_signatures/pseudo-videos/vid-31-frame-2216.jpg,5,25,156,182,bovie
/home/egoodman/multitaskmodel/data/surgical_signatures/pseudo-videos/vid-187-frame-6416.jpg,68,68,267,143,bovie
/home/egoodman/multitaskmodel/data/surgical_signatures/pseudo-videos/vid-185-frame-9780.jpg,186,99,276,198,bovie
/home/egoodman/multitaskmodel/data/surgical_signatures/pseudo-videos/vid-137-frame-810.jpg,49,0,124,70,bovie
/home/egoodman/multitaskmodel/data/surgical_signatures/pseudo-videos/vid-228-frame-3690.jpg,202,40,254,249,bovie
/home/egoodman/multitaskmodel/data/surgical_signatures/pseudo-videos/vid-177-frame-14664.jpg,196,12,372,119,bovie
/home/egoodman/multitaskmodel/data/surgical_signatures/pseudo-videos/vid-203-frame-3938.jpg,267,21,426,102,bovie
/home/egoodman/multitaskmodel/data/surgical_signatures/pseudo-videos/vid-249-frame-6744.jpg,243,63,409,159,bovie
/home/egoodman/multitaskmodel/data/surgical_signatures/pseudo-videos/vid-193-frame-30140.jpg,215,2,286,131,bovie
/home/egoodman/multitaskmodel/data/surgical_signatures/pseudo-videos/vid-237-frame-18560.jpg,148,10,301,103,bovie
/home/egoodman/multitaskmodel/data/surgical_signatures/pseudo-videos/vid-212-frame-9380.jpg,197,0,294,98,bovie
/home/egoodman/multitaskmodel/data/surgical_signatures/pseudo-videos/vid-153-frame-696.jpg,111,119,165,229,bovie
/home/egoodman/multitaskmodel/data/surgical_signatures/pseudo-videos/vid-78-frame-4172.jpg,168,1,238,118,bovie
/home/egoodman/multitaskmodel/data/surgical_signatures/pseudo-videos/vid-192-frame-2811.jpg,207,135,261,241,bovie
/home/egoodman/multitaskmodel/data/surgical_signatures/pseudo-videos/vid-144-frame-5160.jpg,209,32,302,116,bovie
/home/egoodman/multitaskmodel/data/surgical_signatures/pseudo-videos/vid-240-frame-2612.jpg,104,133,208,219,bovie
/home/egoodman/multitaskmodel/data/surgical_signatures/pseudo-videos/vid-79-frame-10449.jpg,254,0,378,154,bovie
/home/egoodman/multitaskmodel/data/surgical_signatures/pseudo-videos/vid-197-frame-3004.jpg,108,6,161,146,bovie
/home/egoodman/multitaskmodel/data/surgical_signatures/pseudo-videos/vid-249-frame-13488.jpg,170,74,365,175,bovie
/home/egoodman/multitaskmodel/data/surgical_signatures/pseudo-videos/vid-29-frame-5036.jpg,119,69,223,229,bovie
/home/egoodman/multitaskmodel/data/surgical_signatures/pseudo-videos/vid-275-frame-8658.jpg,203,104,373,197,bovie
/home/egoodman/multitaskmodel/data/surgical_signatures/pseudo-videos/vid-254-frame-3800.jpg,133,26,196,133,bovie
/home/egoodman/multitaskmodel/data/surgical_signatures/pseudo-videos/vid-279-frame-1056.jpg,2,38,65,149,bovie
/home/egoodman/multitaskmodel/data/surgical_signatures/pseudo-videos/vid-67-frame-890.jpg,153,29,220,109,bovie
/home/egoodman/multitaskmodel/data/surgical_signatures/pseudo-videos/vid-291-frame-1110.jpg,169,0,236,137,bovie
/home/egoodman/multitaskmodel/data/surgical_signatures/pseudo-videos/vid-170-frame-100.jpg,248,0,318,134,bovie
/home/egoodman/multitaskmodel/data/surgical_signatures/pseudo-videos/vid-109-frame-10318.jpg,203,17,308,117,bovie
/home/egoodman/multitaskmodel/data/surgical_signatures/pseudo-videos/vid-249-frame-15174.jpg,66,111,238,232,bovie
/home/egoodman/multitaskmodel/data/surgical_signatures/pseudo-videos/vid-107-frame-644.jpg,145,110,207,166,bovie
/home/egoodman/multitaskmodel/data/surgical_signatures/pseudo-videos/vid-75-frame-3990.jpg,227,13,413,109,bovie
/home/egoodman/multitaskmodel/data/surgical_signatures/pseudo-videos/vid-179-frame-2106.jpg,140,87,267,222,bovie
/home/egoodman/multitaskmodel/data/surgical_signatures/pseudo-videos/vid-256-frame-6349.jpg,209,3,337,80,bovie
/home/egoodman/multitaskmodel/data/surgical_signatures/pseudo-videos/vid-49-frame-6288.jpg,20,99,253,188,bovie
/home/egoodman/multitaskmodel/data/surgical_signatures/pseudo-videos/vid-193-frame-2740.jpg,128,139,193,244,bovie
/home/egoodman/multitaskmodel/data/surgical_signatures/pseudo-videos/vid-144-frame-3870.jpg,192,81,314,136,bovie
/home/egoodman/multitaskmodel/data/surgical_signatures/pseudo-videos/vid-244-frame-0.jpg,110,178,164,237,bovie
/home/egoodman/multitaskmodel/data/surgical_signatures/pseudo-videos/vid-37-frame-12038.jpg,87,27,285,156,bovie
/home/egoodman/multitaskmodel/data/surgical_signatures/pseudo-videos/vid-290-frame-18772.jpg,182,31,309,147,bovie
/home/egoodman/multitaskmodel/data/surgical_signatures/pseudo-videos/vid-180-frame-3876.jpg,129,118,297,199,bovie
/home/egoodman/multitaskmodel/data/surgical_signatures/pseudo-videos/vid-39-frame-4168.jpg,170,133,334,237,bovie
/home/egoodman/multitaskmodel/data/surgical_signatures/pseudo-videos/vid-16-frame-3360.jpg,172,2,290,135,bovie
/home/egoodman/multitaskmodel/data/surgical_signatures/pseudo-videos/vid-212-frame-14740.jpg,205,5,432,122,bovie
/home/egoodman/multitaskmodel/data/surgical_signatures/pseudo-videos/vid-116-frame-549.jpg,34,46,68,118,bovie
/home/egoodman/multitaskmodel/data/surgical_signatures/pseudo-videos/vid-18-frame-9372.jpg,192,30,355,127,bovie
/home/egoodman/multitaskmodel/data/surgical_signatures/pseudo-videos/vid-126-frame-3540.jpg,104,25,163,136,bovie
/home/egoodman/multitaskmodel/data/surgical_signatures/pseudo-videos/vid-237-frame-22272.jpg,179,19,324,109,bovie
/home/egoodman/multitaskmodel/data/surgical_signatures/pseudo-videos/vid-49-frame-7336.jpg,150,0,305,83,bovie
/home/egoodman/multitaskmodel/data/surgical_signatures/pseudo-videos/vid-54-frame-3771.jpg,145,0,200,115,bovie
/home/egoodman/multitaskmodel/data/surgical_signatures/pseudo-videos/vid-59-frame-5370.jpg,229,3,405,186,bovie
/home/egoodman/multitaskmodel/data/surgical_signatures/pseudo-videos/vid-67-frame-712.jpg,148,76,217,129,bovie
/home/egoodman/multitaskmodel/data/surgical_signatures/pseudo-videos/vid-102-frame-1152.jpg,225,0,356,121,bovie
/home/egoodman/multitaskmodel/data/surgical_signatures/pseudo-videos/vid-212-frame-13400.jpg,74,2,136,152,bovie
/home/egoodman/multitaskmodel/data/surgical_signatures/pseudo-videos/vid-224-frame-2330.jpg,149,32,326,145,bovie
/home/egoodman/multitaskmodel/data/surgical_signatures/pseudo-videos/vid-28-frame-746.jpg,164,12,256,116,bovie
/home/egoodman/multitaskmodel/data/surgical_signatures/pseudo-videos/vid-283-frame-710.jpg,38,57,81,141,bovie
/home/egoodman/multitaskmodel/data/surgical_signatures/pseudo-videos/vid-256-frame-9977.jpg,192,28,302,182,bovie
/home/egoodman/multitaskmodel/data/surgical_signatures/pseudo-videos/vid-47-frame-10304.jpg,206,102,288,203,bovie
/home/egoodman/multitaskmodel/data/surgical_signatures/pseudo-videos/vid-185-frame-26080.jpg,145,96,202,213,bovie
/home/egoodman/multitaskmodel/data/surgical_signatures/pseudo-videos/vid-75-frame-5320.jpg,183,136,285,232,bovie
/home/egoodman/multitaskmodel/data/surgical_signatures/pseudo-videos/vid-31-frame-6094.jpg,154,9,261,162,bovie
/home/egoodman/multitaskmodel/data/surgical_signatures/pseudo-videos/vid-187-frame-2406.jpg,214,153,388,242,bovie
/home/egoodman/multitaskmodel/data/surgical_signatures/pseudo-videos/vid-21-frame-4807.jpg,261,2,398,123,bovie
/home/egoodman/multitaskmodel/data/surgical_signatures/pseudo-videos/vid-227-frame-1521.jpg,87,25,145,128,bovie
/home/egoodman/multitaskmodel/data/surgical_signatures/pseudo-videos/vid-213-frame-3378.jpg,150,143,200,240,bovie
/home/egoodman/multitaskmodel/data/surgical_signatures/pseudo-videos/vid-191-frame-1170.jpg,17,4,189,84,bovie
/home/egoodman/multitaskmodel/data/surgical_signatures/pseudo-videos/vid-107-frame-1610.jpg,151,62,224,205,bovie
/home/egoodman/multitaskmodel/data/surgical_signatures/pseudo-videos/vid-75-frame-2660.jpg,267,114,367,224,bovie
/home/egoodman/multitaskmodel/data/surgical_signatures/pseudo-videos/vid-122-frame-12624.jpg,132,56,191,182,bovie
/home/egoodman/multitaskmodel/data/surgical_signatures/pseudo-videos/vid-131-frame-4110.jpg,193,0,248,124,bovie
/home/egoodman/multitaskmodel/data/surgical_signatures/pseudo-videos/vid-275-frame-5328.jpg,9,38,130,188,bovie
/home/egoodman/multitaskmodel/data/surgical_signatures/pseudo-videos/vid-212-frame-8040.jpg,204,99,406,166,bovie
/home/egoodman/multitaskmodel/data/surgical_signatures/pseudo-videos/vid-252-frame-1002.jpg,0,93,222,177,bovie
/home/egoodman/multitaskmodel/data/surgical_signatures/pseudo-videos/vid-170-frame-175.jpg,259,15,322,137,bovie
/home/egoodman/multitaskmodel/data/surgical_signatures/pseudo-videos/vid-237-frame-7424.jpg,189,41,306,132,bovie
/home/egoodman/multitaskmodel/data/surgical_signatures/pseudo-videos/vid-12-frame-390.jpg,13,59,53,136,bovie
/home/egoodman/multitaskmodel/data/surgical_signatures/pseudo-videos/vid-94-frame-4149.jpg,143,50,297,109,bovie
/home/egoodman/multitaskmodel/data/surgical_signatures/pseudo-videos/vid-219-frame-13482.jpg,99,130,189,224,bovie
/home/egoodman/multitaskmodel/data/surgical_signatures/pseudo-videos/vid-63-frame-5973.jpg,11,92,204,239,bovie
/home/egoodman/multitaskmodel/data/surgical_signatures/pseudo-videos/vid-49-frame-10480.jpg,43,40,258,148,bovie
/home/egoodman/multitaskmodel/data/surgical_signatures/pseudo-videos/vid-285-frame-698.jpg,146,70,228,222,bovie
/home/egoodman/multitaskmodel/data/surgical_signatures/pseudo-videos/vid-253-frame-2205.jpg,194,138,369,224,bovie
/home/egoodman/multitaskmodel/data/surgical_signatures/pseudo-videos/vid-29-frame-0.jpg,70,44,238,134,bovie
/home/egoodman/multitaskmodel/data/surgical_signatures/pseudo-videos/vid-159-frame-2223.jpg,271,0,364,107,bovie
/home/egoodman/multitaskmodel/data/surgical_signatures/pseudo-videos/vid-54-frame-5447.jpg,112,4,203,102,bovie
/home/egoodman/multitaskmodel/data/surgical_signatures/pseudo-videos/vid-172-frame-2454.jpg,55,29,121,128,bovie
/home/egoodman/multitaskmodel/data/surgical_signatures/pseudo-videos/vid-107-frame-966.jpg,166,51,236,93,bovie
/home/egoodman/multitaskmodel/data/surgical_signatures/pseudo-videos/vid-78-frame-2086.jpg,153,9,296,153,bovie
/home/egoodman/multitaskmodel/data/surgical_signatures/pseudo-videos/vid-237-frame-12992.jpg,148,8,207,167,bovie
/home/egoodman/multitaskmodel/data/surgical_signatures/pseudo-videos/vid-51-frame-9756.jpg,50,83,168,234,bovie
/home/egoodman/multitaskmodel/data/surgical_signatures/pseudo-videos/vid-240-frame-3265.jpg,79,76,235,171,bovie
