../data/new_annotations/train/0EeZIRDKYO4-000000413.jpg,,,,,
../data/new_annotations/train/2ekkzoZ_uns-000001904.jpg,0,122,145,240,hand
../data/new_annotations/train/2ekkzoZ_uns-000001904.jpg,68,0,213,95,hand
../data/new_annotations/train/2ekkzoZ_uns-000002539.jpg,187,0,320,86,hand
../data/new_annotations/train/2ekkzoZ_uns-000002539.jpg,148,34,235,202,forceps
../data/new_annotations/train/2ekkzoZ_uns-000003174.jpg,170,0,245,155,forceps
../data/new_annotations/train/2ekkzoZ_uns-000003174.jpg,177,0,319,131,hand
../data/new_annotations/train/2ekkzoZ_uns-000003174.jpg,23,0,165,98,hand
../data/new_annotations/train/2ekkzoZ_uns-000005714.jpg,0,44,51,237,hand
../data/new_annotations/train/2ekkzoZ_uns-000005714.jpg,150,0,320,239,hand
../data/new_annotations/train/2ekkzoZ_uns-000005714.jpg,32,92,127,159,needledriver
../data/new_annotations/train/2ekkzoZ_uns-000005714.jpg,46,149,103,216,needledriver
../data/new_annotations/train/2ekkzoZ_uns-000005714.jpg,45,207,73,239,needledriver
../data/new_annotations/train/2ekkzoZ_uns-000006984.jpg,0,143,129,240,hand
../data/new_annotations/train/2ekkzoZ_uns-000006984.jpg,139,140,318,240,hand
../data/new_annotations/train/3Ql0fGVrQeA-000001013.jpg,47,187,368,357,hand
../data/new_annotations/train/3Ql0fGVrQeA-000001013.jpg,279,0,476,263,hand
../data/new_annotations/train/3Ql0fGVrQeA-000001351.jpg,0,139,238,357,hand
../data/new_annotations/train/3Ql0fGVrQeA-000001351.jpg,179,5,476,251,hand
../data/new_annotations/train/3Ql0fGVrQeA-000001689.jpg,236,277,476,357,hand
../data/new_annotations/train/3Ql0fGVrQeA-000001689.jpg,128,2,475,236,hand
../data/new_annotations/train/3Ql0fGVrQeA-000001689.jpg,1,196,181,357,hand
../data/new_annotations/train/3Ql0fGVrQeA-000001689.jpg,254,272,316,360,bovie
../data/new_annotations/train/3Ql0fGVrQeA-000002027.jpg,229,202,298,357,bovie
../data/new_annotations/train/3Ql0fGVrQeA-000002027.jpg,224,160,418,357,forceps
../data/new_annotations/train/3Ql0fGVrQeA-000002027.jpg,125,0,476,249,hand
../data/new_annotations/train/3Ql0fGVrQeA-000002027.jpg,305,212,477,357,hand
../data/new_annotations/train/3Ql0fGVrQeA-000002027.jpg,0,266,208,357,hand
../data/new_annotations/train/6ywlQxRzZGw-000000509.jpg,,,,,
../data/new_annotations/train/6ywlQxRzZGw-000000679.jpg,369,347,1049,712,hand
../data/new_annotations/train/6ywlQxRzZGw-000000679.jpg,286,0,483,119,hand
../data/new_annotations/train/6ywlQxRzZGw-000000849.jpg,803,336,1216,711,hand
../data/new_annotations/train/6ywlQxRzZGw-000000849.jpg,1110,19,1271,156,hand
../data/new_annotations/train/6ywlQxRzZGw-000000849.jpg,392,39,652,212,hand
../data/new_annotations/train/6ywlQxRzZGw-000000849.jpg,1060,1,1253,93,hand
../data/new_annotations/train/6ywlQxRzZGw-000000849.jpg,619,144,695,271,forceps
../data/new_annotations/train/6ywlQxRzZGw-000001019.jpg,,,,,
../data/new_annotations/train/6ywlQxRzZGw-000001189.jpg,1071,3,1272,194,hand
../data/new_annotations/train/6ywlQxRzZGw-000001359.jpg,574,201,1042,421,needledriver
../data/new_annotations/train/6ywlQxRzZGw-000001359.jpg,748,56,1272,397,hand
../data/new_annotations/train/6ywlQxRzZGw-000001359.jpg,1118,289,1271,711,hand
../data/new_annotations/train/6ywlQxRzZGw-000001359.jpg,1118,330,1279,425,forceps
../data/new_annotations/train/6ywlQxRzZGw-000001529.jpg,686,250,1271,712,hand
../data/new_annotations/train/6ywlQxRzZGw-000001529.jpg,751,1,1006,131,hand
../data/new_annotations/train/6ywlQxRzZGw-000001529.jpg,676,254,1276,416,forceps
../data/new_annotations/train/6ywlQxRzZGw-000001529.jpg,620,1,1032,241,needledriver
../data/new_annotations/train/6ywlQxRzZGw-000001529.jpg,490,0,796,219,needledriver
../data/new_annotations/train/6ywlQxRzZGw-000001699.jpg,849,448,1272,712,hand
../data/new_annotations/train/6ywlQxRzZGw-000001699.jpg,756,1,1272,156,hand
../data/new_annotations/train/6ywlQxRzZGw-000001699.jpg,677,6,844,272,forceps
../data/new_annotations/train/6ywlQxRzZGw-000001869.jpg,697,46,943,342,needledriver
../data/new_annotations/train/6ywlQxRzZGw-000001869.jpg,1077,369,1272,712,hand
../data/new_annotations/train/6ywlQxRzZGw-000002039.jpg,,,,,
../data/new_annotations/train/7d19RiHEBjQ-000001191.jpg,0,31,279,313,hand
../data/new_annotations/train/7d19RiHEBjQ-000001191.jpg,142,200,203,360,needledriver
../data/new_annotations/train/7d19RiHEBjQ-000001787.jpg,1,90,256,357,hand
../data/new_annotations/train/7d19RiHEBjQ-000001787.jpg,183,151,480,356,hand
../data/new_annotations/train/7d19RiHEBjQ-000003277.jpg,169,1,479,307,hand
../data/new_annotations/train/7d19RiHEBjQ-000003277.jpg,1,100,121,313,hand
../data/new_annotations/train/7d19RiHEBjQ-000003575.jpg,67,1,303,162,hand
../data/new_annotations/train/7YXOJzIrKFM-000001502.jpg,,,,,
../data/new_annotations/train/7YXOJzIrKFM-000002003.jpg,,,,,
../data/new_annotations/train/7YXOJzIrKFM-000002504.jpg,,,,,
../data/new_annotations/train/7YXOJzIrKFM-000003005.jpg,,,,,
../data/new_annotations/train/7YXOJzIrKFM-000004508.jpg,0,172,165,219,bovie
../data/new_annotations/train/7YXOJzIrKFM-000004508.jpg,53,0,193,166,needledriver
../data/new_annotations/train/7YXOJzIrKFM-000004508.jpg,0,106,122,286,hand
../data/new_annotations/train/7YXOJzIrKFM-000005009.jpg,,,,,
../data/new_annotations/train/7YXOJzIrKFM-000006011.jpg,,,,,
../data/new_annotations/train/884CY5zcTr4-000002927.jpg,0,0,783,604,hand
../data/new_annotations/train/884CY5zcTr4-000003659.jpg,312,0,760,413,hand
../data/new_annotations/train/884CY5zcTr4-000004391.jpg,1,407,208,648,forceps
../data/new_annotations/train/884CY5zcTr4-000005123.jpg,1,439,101,566,forceps
../data/new_annotations/train/884CY5zcTr4-000005123.jpg,115,0,595,271,hand
../data/new_annotations/train/884CY5zcTr4-000005123.jpg,582,1,782,106,hand
../data/new_annotations/train/884CY5zcTr4-000005855.jpg,641,1,1280,498,forceps
../data/new_annotations/train/884CY5zcTr4-000005855.jpg,899,1,1279,399,hand
../data/new_annotations/train/884CY5zcTr4-000007319.jpg,,,,,
../data/new_annotations/train/884CY5zcTr4-000008051.jpg,,,,,
../data/new_annotations/train/884CY5zcTr4-000008783.jpg,751,0,1280,489,hand
../data/new_annotations/train/884CY5zcTr4-000008783.jpg,0,5,954,716,hand
../data/new_annotations/train/8bhWGpkmWp8-000000614.jpg,311,22,443,331,hand
../data/new_annotations/train/8bhWGpkmWp8-000000614.jpg,225,0,438,83,hand
../data/new_annotations/train/8bhWGpkmWp8-000000819.jpg,234,3,434,225,bovie
../data/new_annotations/train/8bhWGpkmWp8-000000819.jpg,181,176,443,357,hand
../data/new_annotations/train/8bhWGpkmWp8-000000819.jpg,217,0,443,229,hand
../data/new_annotations/train/8bhWGpkmWp8-000001024.jpg,217,20,443,357,hand
../data/new_annotations/train/8bhWGpkmWp8-000001229.jpg,0,85,244,357,hand
../data/new_annotations/train/8bhWGpkmWp8-000001229.jpg,6,190,310,357,hand
../data/new_annotations/train/8bhWGpkmWp8-000001434.jpg,1,2,238,198,hand
../data/new_annotations/train/8bhWGpkmWp8-000001639.jpg,0,0,190,345,hand
../data/new_annotations/train/8bhWGpkmWp8-000001844.jpg,92,188,163,357,bovie
../data/new_annotations/train/8bhWGpkmWp8-000001844.jpg,26,244,280,357,hand
../data/new_annotations/train/8bhWGpkmWp8-000001844.jpg,27,1,327,140,hand
../data/new_annotations/train/8bhWGpkmWp8-000001844.jpg,277,0,443,299,hand
../data/new_annotations/train/8bhWGpkmWp8-000002049.jpg,176,257,442,357,hand
../data/new_annotations/train/8bhWGpkmWp8-000002049.jpg,130,64,201,360,needledriver
../data/new_annotations/train/8bhWGpkmWp8-000002254.jpg,111,241,443,357,hand
../data/new_annotations/train/AjwzlmTvT8A-000000282.jpg,179,168,312,357,hand
../data/new_annotations/train/AjwzlmTvT8A-000000282.jpg,398,319,477,357,hand
../data/new_annotations/train/AjwzlmTvT8A-000000376.jpg,132,155,275,357,hand
../data/new_annotations/train/AjwzlmTvT8A-000000376.jpg,222,185,471,355,hand
../data/new_annotations/train/AjwzlmTvT8A-000000470.jpg,138,143,315,357,hand
../data/new_annotations/train/AjwzlmTvT8A-000000564.jpg,155,85,368,357,hand
../data/new_annotations/train/AjwzlmTvT8A-000000564.jpg,314,97,477,357,hand
../data/new_annotations/train/AjwzlmTvT8A-000000658.jpg,34,111,269,357,hand
../data/new_annotations/train/AjwzlmTvT8A-000000658.jpg,203,173,477,356,hand
../data/new_annotations/train/AjwzlmTvT8A-000000753.jpg,12,123,279,357,hand
../data/new_annotations/train/AjwzlmTvT8A-000000847.jpg,111,88,349,357,hand
../data/new_annotations/train/AjwzlmTvT8A-000000847.jpg,245,190,448,357,hand
../data/new_annotations/train/AjwzlmTvT8A-000000941.jpg,140,75,377,357,hand
../data/new_annotations/train/AjwzlmTvT8A-000001035.jpg,19,75,284,357,hand
../data/new_annotations/train/AjwzlmTvT8A-000001035.jpg,230,149,473,356,hand
../data/new_annotations/train/AjwzlmTvT8A-000001035.jpg,292,34,467,163,hand
../data/new_annotations/train/AjwzlmTvT8A-000001035.jpg,274,187,313,351,forceps
../data/new_annotations/train/AjwzlmTvT8A-000001129.jpg,,,,,
../data/new_annotations/train/axVfF8m0LCU-000000845.jpg,193,278,313,357,hand
../data/new_annotations/train/axVfF8m0LCU-000000845.jpg,185,86,330,278,hand
../data/new_annotations/train/axVfF8m0LCU-000000845.jpg,103,129,228,294,hand
../data/new_annotations/train/axVfF8m0LCU-000001127.jpg,237,265,343,357,hand
../data/new_annotations/train/axVfF8m0LCU-000001127.jpg,0,117,131,218,hand
../data/new_annotations/train/axVfF8m0LCU-000001127.jpg,227,158,330,277,hand
../data/new_annotations/train/axVfF8m0LCU-000001127.jpg,273,49,389,193,hand
../data/new_annotations/train/axVfF8m0LCU-000001409.jpg,256,1,477,272,hand
../data/new_annotations/train/axVfF8m0LCU-000001409.jpg,1,0,279,175,hand
../data/new_annotations/train/axVfF8m0LCU-000001409.jpg,151,168,319,360,hand
../data/new_annotations/train/axVfF8m0LCU-000001691.jpg,141,246,277,357,hand
../data/new_annotations/train/axVfF8m0LCU-000001691.jpg,46,138,234,296,hand
../data/new_annotations/train/axVfF8m0LCU-000001691.jpg,256,104,419,304,hand
../data/new_annotations/train/axVfF8m0LCU-000001691.jpg,124,46,239,241,needledriver
../data/new_annotations/train/axVfF8m0LCU-000001973.jpg,166,14,260,188,needledriver
../data/new_annotations/train/axVfF8m0LCU-000001973.jpg,115,243,240,356,hand
../data/new_annotations/train/axVfF8m0LCU-000001973.jpg,30,150,193,276,hand
../data/new_annotations/train/axVfF8m0LCU-000001973.jpg,260,97,428,295,hand
../data/new_annotations/train/axVfF8m0LCU-000001973.jpg,230,7,315,186,needledriver
../data/new_annotations/train/axVfF8m0LCU-000003101.jpg,164,214,329,356,hand
../data/new_annotations/train/axVfF8m0LCU-000003101.jpg,73,130,239,292,hand
../data/new_annotations/train/axVfF8m0LCU-000003101.jpg,205,149,309,221,hand
../data/new_annotations/train/axVfF8m0LCU-000003101.jpg,275,112,357,206,hand
../data/new_annotations/train/bfZWsulahkQ-000000557.jpg,,,,,
../data/new_annotations/train/bfZWsulahkQ-000001115.jpg,174,27,367,144,needledriver
../data/new_annotations/train/bfZWsulahkQ-000001115.jpg,1,106,110,222,hand
../data/new_annotations/train/bfZWsulahkQ-000001115.jpg,229,1,347,116,hand
../data/new_annotations/train/bfZWsulahkQ-000001115.jpg,206,205,263,223,hand
../data/new_annotations/train/bfZWsulahkQ-000001115.jpg,161,162,209,225,needledriver
../data/new_annotations/train/bfZWsulahkQ-000001301.jpg,161,159,232,223,bovie
../data/new_annotations/train/bfZWsulahkQ-000001301.jpg,1,126,126,222,hand
../data/new_annotations/train/bfZWsulahkQ-000001301.jpg,206,0,330,132,hand
../data/new_annotations/train/bfZWsulahkQ-000001301.jpg,248,47,388,209,hand
../data/new_annotations/train/bfZWsulahkQ-000001301.jpg,173,150,400,199,forceps
../data/new_annotations/train/bfZWsulahkQ-000001301.jpg,35,159,156,225,forceps
../data/new_annotations/train/bfZWsulahkQ-000001487.jpg,149,139,215,222,bovie
../data/new_annotations/train/bfZWsulahkQ-000001487.jpg,1,175,95,222,hand
../data/new_annotations/train/bfZWsulahkQ-000001487.jpg,232,0,397,204,hand
../data/new_annotations/train/bfZWsulahkQ-000001487.jpg,197,0,319,91,hand
../data/new_annotations/train/bfZWsulahkQ-000001487.jpg,200,139,400,189,forceps
../data/new_annotations/train/bfZWsulahkQ-000001673.jpg,201,164,254,223,bovie
../data/new_annotations/train/bfZWsulahkQ-000001673.jpg,0,146,139,223,hand
../data/new_annotations/train/bfZWsulahkQ-000001673.jpg,290,45,397,212,hand
../data/new_annotations/train/bfZWsulahkQ-000001673.jpg,213,0,337,127,hand
../data/new_annotations/train/bgWCyjuumn0-000002099.jpg,340,1,616,108,hand
../data/new_annotations/train/bgWCyjuumn0-000002449.jpg,5,197,194,356,needledriver
../data/new_annotations/train/bgWCyjuumn0-000002449.jpg,155,215,392,356,hand
../data/new_annotations/train/bgWCyjuumn0-000002449.jpg,4,155,237,356,hand
../data/new_annotations/train/bgWCyjuumn0-000002799.jpg,311,139,545,287,hand
../data/new_annotations/train/bgWCyjuumn0-000002799.jpg,182,159,378,356,hand
../data/new_annotations/train/bgWCyjuumn0-000003149.jpg,150,230,392,356,hand
../data/new_annotations/train/bgWCyjuumn0-000003149.jpg,557,220,636,356,hand
../data/new_annotations/train/BWrTbbZYozw-000003461.jpg,,,,,
../data/new_annotations/train/BWrTbbZYozw-000004038.jpg,,,,,
../data/new_annotations/train/BWrTbbZYozw-000005192.jpg,63,0,200,134,hand
../data/new_annotations/train/BWrTbbZYozw-000005192.jpg,1,89,117,240,hand
../data/new_annotations/train/BWrTbbZYozw-000005769.jpg,,,,,
../data/new_annotations/train/BWrTbbZYozw-000006346.jpg,,,,,
../data/new_annotations/train/BWrTbbZYozw-000006923.jpg,0,0,303,236,hand
../data/new_annotations/train/CAd_n-qgRSI-000001337.jpg,169,183,443,357,hand
../data/new_annotations/train/CAd_n-qgRSI-000001337.jpg,204,0,476,157,hand
../data/new_annotations/train/CAd_n-qgRSI-000002229.jpg,114,0,333,231,hand
../data/new_annotations/train/CAd_n-qgRSI-000002675.jpg,0,88,224,296,hand
../data/new_annotations/train/CAd_n-qgRSI-000002675.jpg,141,0,391,141,hand
../data/new_annotations/train/CAd_n-qgRSI-000002675.jpg,133,192,350,356,hand
../data/new_annotations/train/CAd_n-qgRSI-000003121.jpg,289,42,438,306,hand
../data/new_annotations/train/CAd_n-qgRSI-000003121.jpg,39,179,221,329,hand
../data/new_annotations/train/CAd_n-qgRSI-000004905.jpg,0,41,243,243,hand
../data/new_annotations/train/CAd_n-qgRSI-000004905.jpg,209,0,328,58,hand
../data/new_annotations/train/CAd_n-qgRSI-000005351.jpg,46,102,224,231,hand
../data/new_annotations/train/d8xavK1zIhY-000002900.jpg,,,,,
../data/new_annotations/train/d8xavK1zIhY-000003867.jpg,199,180,309,300,hand
../data/new_annotations/train/d8xavK1zIhY-000003867.jpg,222,33,366,97,hand
../data/new_annotations/train/d8xavK1zIhY-000004834.jpg,,,,,
../data/new_annotations/train/d8xavK1zIhY-000006768.jpg,,,,,
../data/new_annotations/train/d8xavK1zIhY-000007735.jpg,46,96,220,155,hand
../data/new_annotations/train/d8xavK1zIhY-000007735.jpg,84,201,206,317,hand
../data/new_annotations/train/d8xavK1zIhY-000007735.jpg,332,230,476,312,hand
../data/new_annotations/train/d8xavK1zIhY-000007735.jpg,231,76,363,136,hand
../data/new_annotations/train/d8xavK1zIhY-000010636.jpg,86,89,184,205,hand
../data/new_annotations/train/d8xavK1zIhY-000010636.jpg,55,317,129,357,hand
../data/new_annotations/train/d8xavK1zIhY-000011603.jpg,,,,,
../data/new_annotations/train/dBRV4qa_qxk-000001016.jpg,257,59,381,203,hand
../data/new_annotations/train/dBRV4qa_qxk-000001355.jpg,2,2,195,239,hand
../data/new_annotations/train/dBRV4qa_qxk-000001694.jpg,3,100,224,285,hand
../data/new_annotations/train/dBRV4qa_qxk-000001694.jpg,215,1,359,110,hand
../data/new_annotations/train/dBRV4qa_qxk-000001694.jpg,173,142,381,285,hand
../data/new_annotations/train/dBRV4qa_qxk-000002033.jpg,3,2,301,193,hand
../data/new_annotations/train/dBRV4qa_qxk-000002033.jpg,282,53,381,285,hand
../data/new_annotations/train/dBRV4qa_qxk-000002372.jpg,0,0,122,146,hand
../data/new_annotations/train/dBRV4qa_qxk-000002372.jpg,261,23,381,241,hand
../data/new_annotations/train/dBRV4qa_qxk-000002711.jpg,26,1,217,227,hand
../data/new_annotations/train/dBRV4qa_qxk-000002711.jpg,275,2,381,220,hand
../data/new_annotations/train/dBRV4qa_qxk-000003050.jpg,27,7,151,117,hand
../data/new_annotations/train/dBRV4qa_qxk-000003050.jpg,280,10,381,128,hand
../data/new_annotations/train/dBRV4qa_qxk-000003389.jpg,63,2,231,130,hand
../data/new_annotations/train/dBRV4qa_qxk-000003389.jpg,0,105,195,285,hand
../data/new_annotations/train/dBRV4qa_qxk-000003389.jpg,195,116,381,285,hand
../data/new_annotations/train/dBRV4qa_qxk-000003728.jpg,104,0,231,63,hand
../data/new_annotations/train/dBRV4qa_qxk-000003728.jpg,338,100,381,211,hand
../data/new_annotations/train/dBRV4qa_qxk-000003728.jpg,239,144,384,208,forceps
../data/new_annotations/train/dBRV4qa_qxk-000004067.jpg,123,0,299,206,hand
../data/new_annotations/train/DpeAsOXVruw-000001343.jpg,88,180,315,356,hand
../data/new_annotations/train/DpeAsOXVruw-000001343.jpg,0,135,192,339,hand
../data/new_annotations/train/DpeAsOXVruw-000001791.jpg,345,1,519,262,hand
../data/new_annotations/train/DpeAsOXVruw-000002239.jpg,,,,,
../data/new_annotations/train/DpeAsOXVruw-000002687.jpg,355,1,621,298,bovie
../data/new_annotations/train/DpeAsOXVruw-000002687.jpg,432,1,636,199,hand
../data/new_annotations/train/DpeAsOXVruw-000002687.jpg,437,286,563,360,hand
../data/new_annotations/train/DpeAsOXVruw-000003135.jpg,454,0,554,214,forceps
../data/new_annotations/train/DpeAsOXVruw-000003135.jpg,171,213,451,356,hand
../data/new_annotations/train/DpeAsOXVruw-000003135.jpg,315,0,448,187,hand
../data/new_annotations/train/DpeAsOXVruw-000003135.jpg,465,0,636,99,hand
../data/new_annotations/train/DpeAsOXVruw-000003583.jpg,260,28,420,224,hand
../data/new_annotations/train/DpeAsOXVruw-000003583.jpg,458,0,636,100,hand
../data/new_annotations/train/DpeAsOXVruw-000004031.jpg,10,16,322,273,hand
../data/new_annotations/train/DpeAsOXVruw-000004031.jpg,262,201,494,356,hand
../data/new_annotations/train/DpeAsOXVruw-000004031.jpg,457,0,639,193,hand
../data/new_annotations/train/DpeAsOXVruw-000004479.jpg,88,59,315,269,hand
../data/new_annotations/train/DpeAsOXVruw-000004479.jpg,334,69,558,295,hand
../data/new_annotations/train/DpeAsOXVruw-000004479.jpg,1,26,78,238,needledriver
../data/new_annotations/train/DpeAsOXVruw-000004479.jpg,533,81,615,302,needledriver
../data/new_annotations/train/DpeAsOXVruw-000004927.jpg,0,31,343,288,hand
../data/new_annotations/train/DpeAsOXVruw-000004927.jpg,446,1,636,153,hand
../data/new_annotations/train/DpeAsOXVruw-000004927.jpg,136,86,408,356,needledriver
../data/new_annotations/train/DpeAsOXVruw-000005375.jpg,469,0,636,205,hand
../data/new_annotations/train/dPvRrcSsc6Y-000000662.jpg,142,0,487,173,hand
../data/new_annotations/train/dPvRrcSsc6Y-000001325.jpg,397,0,487,67,hand
../data/new_annotations/train/dPvRrcSsc6Y-000001546.jpg,4,82,210,148,bovie
../data/new_annotations/train/dPvRrcSsc6Y-000001546.jpg,3,106,163,356,hand
../data/new_annotations/train/dPvRrcSsc6Y-000001546.jpg,3,0,202,122,hand
../data/new_annotations/train/dPvRrcSsc6Y-000001546.jpg,87,0,189,120,forceps
../data/new_annotations/train/dPvRrcSsc6Y-000001767.jpg,118,1,234,174,forceps
../data/new_annotations/train/dPvRrcSsc6Y-000001767.jpg,3,0,227,131,hand
../data/new_annotations/train/dPvRrcSsc6Y-000001767.jpg,1,93,241,158,bovie
../data/new_annotations/train/dPvRrcSsc6Y-000001988.jpg,98,0,207,118,forceps
../data/new_annotations/train/dPvRrcSsc6Y-000001988.jpg,3,0,213,114,hand
../data/new_annotations/train/dPvRrcSsc6Y-000002209.jpg,9,107,220,208,bovie
../data/new_annotations/train/dPvRrcSsc6Y-000002209.jpg,5,0,213,166,hand
../data/new_annotations/train/dPvRrcSsc6Y-000002209.jpg,5,109,140,357,hand
../data/new_annotations/train/dPvRrcSsc6Y-000002430.jpg,45,2,187,193,forceps
../data/new_annotations/train/dPvRrcSsc6Y-000002430.jpg,0,0,202,155,hand
../data/new_annotations/train/dPvRrcSsc6Y-000002430.jpg,2,78,44,308,hand
../data/new_annotations/train/dPvRrcSsc6Y-000002651.jpg,4,0,220,151,hand
../data/new_annotations/train/dPvRrcSsc6Y-000002651.jpg,4,88,94,334,hand
../data/new_annotations/train/Dqk7k7pnlVM-000001352.jpg,0,0,144,208,hand
../data/new_annotations/train/Dqk7k7pnlVM-000001352.jpg,207,101,383,285,hand
../data/new_annotations/train/Dqk7k7pnlVM-000001803.jpg,131,0,182,186,bovie
../data/new_annotations/train/Dqk7k7pnlVM-000001803.jpg,207,107,381,285,hand
../data/new_annotations/train/Dqk7k7pnlVM-000001803.jpg,122,0,226,42,hand
../data/new_annotations/train/Dqk7k7pnlVM-000003607.jpg,0,157,255,200,bovie
../data/new_annotations/train/Dqk7k7pnlVM-000003607.jpg,0,112,172,285,hand
../data/new_annotations/train/Dqk7k7pnlVM-000004960.jpg,0,106,240,288,hand
../data/new_annotations/train/En4tbEsYKwI-000000575.jpg,548,1,1013,475,hand
../data/new_annotations/train/En4tbEsYKwI-000000575.jpg,0,26,338,711,hand
../data/new_annotations/train/En4tbEsYKwI-000000575.jpg,775,549,862,661,hand
../data/new_annotations/train/En4tbEsYKwI-000000767.jpg,485,0,979,328,hand
../data/new_annotations/train/En4tbEsYKwI-000000959.jpg,700,1,770,498,bovie
../data/new_annotations/train/En4tbEsYKwI-000000959.jpg,848,214,1192,455,hand
../data/new_annotations/train/En4tbEsYKwI-000000959.jpg,531,1,851,453,hand
../data/new_annotations/train/En4tbEsYKwI-000000959.jpg,853,28,933,227,needledriver
../data/new_annotations/train/En4tbEsYKwI-000000959.jpg,847,629,970,720,hand
../data/new_annotations/train/En4tbEsYKwI-000001151.jpg,850,3,1018,464,bovie
../data/new_annotations/train/En4tbEsYKwI-000001151.jpg,928,377,1272,711,hand
../data/new_annotations/train/En4tbEsYKwI-000001151.jpg,807,1,1252,331,hand
../data/new_annotations/train/En4tbEsYKwI-000001151.jpg,53,187,756,703,hand
../data/new_annotations/train/En4tbEsYKwI-000001151.jpg,261,0,525,255,hand
../data/new_annotations/train/En4tbEsYKwI-000001151.jpg,463,128,843,429,needledriver
../data/new_annotations/train/En4tbEsYKwI-000001343.jpg,564,289,824,712,bovie
../data/new_annotations/train/En4tbEsYKwI-000001343.jpg,1,300,851,711,hand
../data/new_annotations/train/En4tbEsYKwI-000001343.jpg,467,0,794,219,hand
../data/new_annotations/train/En4tbEsYKwI-000001343.jpg,889,177,1280,596,hand
../data/new_annotations/train/En4tbEsYKwI-000001727.jpg,2,64,847,392,bovie
../data/new_annotations/train/En4tbEsYKwI-000001727.jpg,6,108,510,640,hand
../data/new_annotations/train/En4tbEsYKwI-000001727.jpg,432,1,983,412,hand
../data/new_annotations/train/En4tbEsYKwI-000001727.jpg,700,416,1274,719,hand
../data/new_annotations/train/En4tbEsYKwI-000001727.jpg,982,88,1280,415,hand
../data/new_annotations/train/En4tbEsYKwI-000001919.jpg,617,197,1132,595,hand
../data/new_annotations/train/ftkqy5JBuSM-000001179.jpg,1,103,113,136,forceps
../data/new_annotations/train/ftkqy5JBuSM-000001179.jpg,5,0,199,47,hand
../data/new_annotations/train/ftkqy5JBuSM-000001179.jpg,163,91,304,235,hand
../data/new_annotations/train/ftkqy5JBuSM-000001179.jpg,110,0,166,110,forceps
../data/new_annotations/train/ftkqy5JBuSM-000001474.jpg,3,7,160,43,forceps
../data/new_annotations/train/ftkqy5JBuSM-000001474.jpg,0,0,69,159,hand
../data/new_annotations/train/ftkqy5JBuSM-000001474.jpg,154,64,318,237,hand
../data/new_annotations/train/ftkqy5JBuSM-000003244.jpg,41,144,170,237,needledriver
../data/new_annotations/train/ftkqy5JBuSM-000003244.jpg,175,1,310,149,hand
../data/new_annotations/train/ftkqy5JBuSM-000003539.jpg,29,94,129,154,needledriver
../data/new_annotations/train/ftkqy5JBuSM-000003539.jpg,134,7,207,112,forceps
../data/new_annotations/train/ftkqy5JBuSM-000003539.jpg,162,0,265,83,hand
../data/new_annotations/train/g9lzOYtGLic-000000890.jpg,48,178,469,357,hand
../data/new_annotations/train/g9lzOYtGLic-000001187.jpg,174,204,472,357,hand
../data/new_annotations/train/g9lzOYtGLic-000001484.jpg,215,94,476,357,hand
../data/new_annotations/train/g9lzOYtGLic-000001781.jpg,0,73,204,357,hand
../data/new_annotations/train/g9lzOYtGLic-000002078.jpg,1,3,282,357,hand
../data/new_annotations/train/g9lzOYtGLic-000002078.jpg,277,5,479,187,bovie
../data/new_annotations/train/g9lzOYtGLic-000002375.jpg,1,0,225,356,hand
../data/new_annotations/train/g9lzOYtGLic-000002375.jpg,181,1,272,119,bovie
../data/new_annotations/train/g9lzOYtGLic-000002672.jpg,158,2,477,250,bovie
../data/new_annotations/train/g9lzOYtGLic-000003266.jpg,,,,,
../data/new_annotations/train/g9lzOYtGLic-000003563.jpg,67,143,476,356,hand
../data/new_annotations/train/JjzptNEQJ2g-000000827.jpg,92,0,358,221,hand
../data/new_annotations/train/JjzptNEQJ2g-000001103.jpg,109,213,290,358,hand
../data/new_annotations/train/JjzptNEQJ2g-000001103.jpg,0,0,152,272,hand
../data/new_annotations/train/JjzptNEQJ2g-000001103.jpg,171,0,358,248,hand
../data/new_annotations/train/JjzptNEQJ2g-000001379.jpg,61,0,358,223,hand
../data/new_annotations/train/JjzptNEQJ2g-000001379.jpg,0,143,130,343,hand
../data/new_annotations/train/JjzptNEQJ2g-000001379.jpg,169,277,358,358,hand
../data/new_annotations/train/JjzptNEQJ2g-000001655.jpg,23,0,82,151,forceps
../data/new_annotations/train/JjzptNEQJ2g-000001655.jpg,0,119,146,358,hand
../data/new_annotations/train/JT_ec9IVCzI-000000158.jpg,0,0,176,113,hand
../data/new_annotations/train/JT_ec9IVCzI-000000211.jpg,0,0,156,64,hand
../data/new_annotations/train/JT_ec9IVCzI-000000264.jpg,78,106,202,173,needledriver
../data/new_annotations/train/JT_ec9IVCzI-000000264.jpg,0,0,151,114,hand
../data/new_annotations/train/JT_ec9IVCzI-000000264.jpg,132,72,202,190,hand
../data/new_annotations/train/JT_ec9IVCzI-000000317.jpg,94,107,202,165,needledriver
../data/new_annotations/train/JT_ec9IVCzI-000000317.jpg,0,0,156,111,hand
../data/new_annotations/train/JT_ec9IVCzI-000000317.jpg,142,70,202,184,hand
../data/new_annotations/train/JT_ec9IVCzI-000000370.jpg,94,108,202,166,needledriver
../data/new_annotations/train/JT_ec9IVCzI-000000370.jpg,19,0,160,87,hand
../data/new_annotations/train/JT_ec9IVCzI-000000370.jpg,141,98,202,193,hand
../data/new_annotations/train/JT_ec9IVCzI-000000423.jpg,77,115,202,152,needledriver
../data/new_annotations/train/JT_ec9IVCzI-000000423.jpg,156,69,202,187,hand
../data/new_annotations/train/JT_ec9IVCzI-000000476.jpg,77,93,202,260,hand
../data/new_annotations/train/JT_ec9IVCzI-000000529.jpg,,,,,
../data/new_annotations/train/JT_ec9IVCzI-000000582.jpg,,,,,
../data/new_annotations/train/JT_ec9IVCzI-000000635.jpg,,,,,
../data/new_annotations/train/JuUFXltasaU-000003030.jpg,0,31,218,265,hand
../data/new_annotations/train/JuUFXltasaU-000003030.jpg,168,0,243,127,needledriver
../data/new_annotations/train/JuUFXltasaU-000003030.jpg,263,213,384,230,needledriver
../data/new_annotations/train/JuUFXltasaU-000003463.jpg,71,195,105,284,needledriver
../data/new_annotations/train/JuUFXltasaU-000003896.jpg,103,53,381,187,needledriver
../data/new_annotations/train/JuUFXltasaU-000003896.jpg,1,74,177,253,hand
../data/new_annotations/train/JuUFXltasaU-000003896.jpg,240,1,381,182,hand
../data/new_annotations/train/JuUFXltasaU-000003896.jpg,202,163,381,285,hand
../data/new_annotations/train/JuUFXltasaU-000004329.jpg,157,18,302,145,hand
../data/new_annotations/train/JuUFXltasaU-000004329.jpg,58,88,175,207,hand
../data/new_annotations/train/kQTmL3C2dwE-000001325.jpg,192,87,424,213,bovie
../data/new_annotations/train/kQTmL3C2dwE-000001325.jpg,1,275,367,357,hand
../data/new_annotations/train/kQTmL3C2dwE-000001325.jpg,316,0,477,187,hand
../data/new_annotations/train/kQTmL3C2dwE-000001767.jpg,225,79,458,234,needledriver
../data/new_annotations/train/kQTmL3C2dwE-000001767.jpg,142,216,339,356,hand
../data/new_annotations/train/kQTmL3C2dwE-000001767.jpg,0,251,110,357,hand
../data/new_annotations/train/kQTmL3C2dwE-000001767.jpg,333,1,477,160,hand
../data/new_annotations/train/kQTmL3C2dwE-000001767.jpg,176,0,339,103,hand
../data/new_annotations/train/kQTmL3C2dwE-000002209.jpg,154,5,376,251,bovie
../data/new_annotations/train/kQTmL3C2dwE-000002209.jpg,0,28,161,347,hand
../data/new_annotations/train/kQTmL3C2dwE-000002209.jpg,179,0,476,79,hand
../data/new_annotations/train/kQTmL3C2dwE-000002651.jpg,243,3,477,160,bovie
../data/new_annotations/train/kQTmL3C2dwE-000003093.jpg,243,1,392,123,bovie
../data/new_annotations/train/kQTmL3C2dwE-000003093.jpg,20,189,476,357,hand
../data/new_annotations/train/kQTmL3C2dwE-000003535.jpg,236,1,429,194,bovie
../data/new_annotations/train/kQTmL3C2dwE-000003535.jpg,237,75,477,357,hand
../data/new_annotations/train/kQTmL3C2dwE-000003977.jpg,243,130,447,243,bovie
../data/new_annotations/train/kQTmL3C2dwE-000003977.jpg,63,228,414,356,hand
../data/new_annotations/train/kQTmL3C2dwE-000003977.jpg,364,22,476,306,hand
../data/new_annotations/train/kQTmL3C2dwE-000003977.jpg,97,0,161,140,needledriver
../data/new_annotations/train/kQTmL3C2dwE-000004419.jpg,173,211,477,357,hand
../data/new_annotations/train/kQTmL3C2dwE-000005303.jpg,84,198,476,357,hand
../data/new_annotations/train/KzPl-2e5Mw0-000000851.jpg,0,66,116,195,hand
../data/new_annotations/train/KzPl-2e5Mw0-000001135.jpg,,,,,
../data/new_annotations/train/mMmYtpUschc-000001172.jpg,,,,,
../data/new_annotations/train/mMmYtpUschc-000002736.jpg,,,,,
../data/new_annotations/train/mMmYtpUschc-000003127.jpg,,,,,
../data/new_annotations/train/mMmYtpUschc-000003518.jpg,,,,,
../data/new_annotations/train/MQ0w6hXABDc-000001679.jpg,0,57,226,357,hand
../data/new_annotations/train/MQ0w6hXABDc-000002239.jpg,150,191,364,356,hand
../data/new_annotations/train/MQ0w6hXABDc-000002239.jpg,212,164,319,324,needledriver
../data/new_annotations/train/MQ0w6hXABDc-000002799.jpg,1,143,247,357,hand
../data/new_annotations/train/MQ0w6hXABDc-000003359.jpg,,,,,
../data/new_annotations/train/MQ0w6hXABDc-000003919.jpg,49,187,262,356,hand
../data/new_annotations/train/MQ0w6hXABDc-000003919.jpg,397,186,476,357,hand
../data/new_annotations/train/MQ0w6hXABDc-000003919.jpg,205,161,478,258,forceps
../data/new_annotations/train/MQ0w6hXABDc-000006719.jpg,11,194,238,356,hand
../data/new_annotations/train/n5o16fYYp-8-000001107.jpg,,,,,
../data/new_annotations/train/n5o16fYYp-8-000001384.jpg,,,,,
../data/new_annotations/train/n5o16fYYp-8-000001661.jpg,,,,,
../data/new_annotations/train/n5o16fYYp-8-000001938.jpg,,,,,
../data/new_annotations/train/n5o16fYYp-8-000002215.jpg,,,,,
../data/new_annotations/train/n5o16fYYp-8-000002492.jpg,203,63,477,357,hand
../data/new_annotations/train/n5o16fYYp-8-000002769.jpg,,,,,
../data/new_annotations/train/n5o16fYYp-8-000003046.jpg,100,77,351,314,hand
../data/new_annotations/train/n5o16fYYp-8-000003046.jpg,305,1,418,74,hand
../data/new_annotations/train/n5o16fYYp-8-000003323.jpg,382,6,477,336,hand
../data/new_annotations/train/NL72fNR2hSM-000001058.jpg,210,70,331,167,hand
../data/new_annotations/train/NL72fNR2hSM-000001058.jpg,279,151,371,288,hand
../data/new_annotations/train/NL72fNR2hSM-000001058.jpg,212,153,311,268,hand
../data/new_annotations/train/NL72fNR2hSM-000001058.jpg,329,84,513,220,hand
../data/new_annotations/train/NL72fNR2hSM-000001411.jpg,278,122,427,244,hand
../data/new_annotations/train/NL72fNR2hSM-000001411.jpg,234,56,383,158,hand
../data/new_annotations/train/NL72fNR2hSM-000001764.jpg,418,0,607,146,hand
../data/new_annotations/train/NL72fNR2hSM-000001764.jpg,234,28,330,119,hand
../data/new_annotations/train/NL72fNR2hSM-000002117.jpg,246,90,493,246,hand
../data/new_annotations/train/NL72fNR2hSM-000002470.jpg,235,181,404,318,hand
../data/new_annotations/train/NL72fNR2hSM-000002470.jpg,191,149,288,243,hand
../data/new_annotations/train/NL72fNR2hSM-000002823.jpg,227,172,372,320,hand
../data/new_annotations/train/NL72fNR2hSM-000002823.jpg,429,152,617,260,hand
../data/new_annotations/train/NL72fNR2hSM-000002823.jpg,95,158,264,270,hand
../data/new_annotations/train/NL72fNR2hSM-000003176.jpg,234,190,374,327,hand
../data/new_annotations/train/NL72fNR2hSM-000003176.jpg,385,177,571,292,hand
../data/new_annotations/train/NL72fNR2hSM-000003176.jpg,416,17,528,113,hand
../data/new_annotations/train/NL72fNR2hSM-000003176.jpg,484,94,612,190,hand
../data/new_annotations/train/NL72fNR2hSM-000003176.jpg,130,72,247,180,hand
../data/new_annotations/train/NL72fNR2hSM-000003529.jpg,179,134,373,207,hand
../data/new_annotations/train/NL72fNR2hSM-000003529.jpg,182,224,321,356,hand
../data/new_annotations/train/NL72fNR2hSM-000003529.jpg,430,213,575,281,hand
../data/new_annotations/train/NL72fNR2hSM-000003882.jpg,214,100,374,206,hand
../data/new_annotations/train/NL72fNR2hSM-000003882.jpg,289,181,410,294,hand
../data/new_annotations/train/NL72fNR2hSM-000003882.jpg,466,163,601,248,hand
../data/new_annotations/train/NL72fNR2hSM-000004235.jpg,231,126,344,264,hand
../data/new_annotations/train/NL72fNR2hSM-000004235.jpg,318,178,388,289,hand
../data/new_annotations/train/NL72fNR2hSM-000004235.jpg,141,99,300,172,hand
../data/new_annotations/train/nwqyKvQ_mNk-000002947.jpg,0,120,206,320,hand
../data/new_annotations/train/nwqyKvQ_mNk-000002947.jpg,138,104,477,316,hand
../data/new_annotations/train/nwqyKvQ_mNk-000003684.jpg,340,179,477,319,hand
../data/new_annotations/train/nwqyKvQ_mNk-000003684.jpg,310,115,424,316,needledriver
../data/new_annotations/train/nwqyKvQ_mNk-000004421.jpg,0,135,194,314,hand
../data/new_annotations/train/nwqyKvQ_mNk-000004421.jpg,263,182,477,319,hand
../data/new_annotations/train/nwqyKvQ_mNk-000006632.jpg,,,,,
../data/new_annotations/train/nwqyKvQ_mNk-000007369.jpg,0,40,177,181,hand
../data/new_annotations/train/nwqyKvQ_mNk-000007369.jpg,202,44,411,154,hand
../data/new_annotations/train/nwqyKvQ_mNk-000008106.jpg,256,41,477,320,hand
../data/new_annotations/train/nwqyKvQ_mNk-000008106.jpg,151,176,366,300,hand
../data/new_annotations/train/nwqyKvQ_mNk-000008843.jpg,207,141,477,325,hand
../data/new_annotations/train/onVsHOnSypQ-000001226.jpg,,,,,
../data/new_annotations/train/onVsHOnSypQ-000001635.jpg,128,124,189,229,needledriver
../data/new_annotations/train/onVsHOnSypQ-000001635.jpg,0,21,99,122,needledriver
../data/new_annotations/train/onVsHOnSypQ-000001635.jpg,1,148,103,205,needledriver
../data/new_annotations/train/onVsHOnSypQ-000001635.jpg,150,7,177,100,needledriver
../data/new_annotations/train/pHLuvSmOJRQ-000001148.jpg,0,0,602,356,hand
../data/new_annotations/train/pHLuvSmOJRQ-000001148.jpg,836,0,1272,270,hand
../data/new_annotations/train/pHLuvSmOJRQ-000001531.jpg,,,,,
../data/new_annotations/train/pHLuvSmOJRQ-000001914.jpg,,,,,
../data/new_annotations/train/pHLuvSmOJRQ-000002297.jpg,0,0,748,358,forceps
../data/new_annotations/train/pHLuvSmOJRQ-000002297.jpg,0,0,468,396,hand
../data/new_annotations/train/pHLuvSmOJRQ-000002680.jpg,69,0,735,442,forceps
../data/new_annotations/train/pHLuvSmOJRQ-000002680.jpg,87,449,677,712,bovie
../data/new_annotations/train/pHLuvSmOJRQ-000002680.jpg,0,0,498,356,hand
../data/new_annotations/train/pHLuvSmOJRQ-000002680.jpg,197,598,442,712,hand
../data/new_annotations/train/pHLuvSmOJRQ-000003063.jpg,,,,,
../data/new_annotations/train/pHLuvSmOJRQ-000003446.jpg,,,,,
../data/new_annotations/train/pHLuvSmOJRQ-000003829.jpg,591,0,1154,502,forceps
../data/new_annotations/train/pHLuvSmOJRQ-000003829.jpg,0,0,1040,712,hand
../data/new_annotations/train/pHLuvSmOJRQ-000004212.jpg,505,0,968,395,forceps
../data/new_annotations/train/pHLuvSmOJRQ-000004212.jpg,0,0,699,309,hand
../data/new_annotations/train/pHLuvSmOJRQ-000004595.jpg,,,,,
../data/new_annotations/train/PsYnEXGxf-M-000002597.jpg,62,144,264,237,hand
../data/new_annotations/train/PsYnEXGxf-M-000003463.jpg,0,18,129,238,hand
../data/new_annotations/train/PsYnEXGxf-M-000004329.jpg,67,130,187,238,hand
../data/new_annotations/train/PsYnEXGxf-M-000004329.jpg,119,56,318,200,hand
../data/new_annotations/train/PsYnEXGxf-M-000004329.jpg,22,82,134,238,hand
../data/new_annotations/train/PsYnEXGxf-M-000005195.jpg,127,119,296,238,hand
../data/new_annotations/train/PsYnEXGxf-M-000006061.jpg,0,118,107,238,hand
../data/new_annotations/train/PsYnEXGxf-M-000006061.jpg,194,42,318,238,hand
../data/new_annotations/train/PsYnEXGxf-M-000006927.jpg,28,126,148,238,hand
../data/new_annotations/train/PsYnEXGxf-M-000007793.jpg,15,139,182,238,hand
../data/new_annotations/train/PsYnEXGxf-M-000007793.jpg,186,124,318,238,hand
../data/new_annotations/train/PsYnEXGxf-M-000009525.jpg,3,110,247,238,hand
../data/new_annotations/train/PsYnEXGxf-M-000009525.jpg,163,0,318,160,hand
../data/new_annotations/train/PsYnEXGxf-M-000010391.jpg,2,79,161,238,hand
../data/new_annotations/train/PsYnEXGxf-M-000010391.jpg,200,184,318,238,hand
../data/new_annotations/train/PsYnEXGxf-M-000010391.jpg,151,44,318,167,hand
../data/new_annotations/train/PyIDO9qA2_g-000000647.jpg,,,,,
../data/new_annotations/train/PyIDO9qA2_g-000000863.jpg,300,3,447,330,hand
../data/new_annotations/train/PyIDO9qA2_g-000000863.jpg,79,2,393,108,hand
../data/new_annotations/train/PyIDO9qA2_g-000001079.jpg,51,0,414,103,hand
../data/new_annotations/train/PyIDO9qA2_g-000001079.jpg,212,4,447,357,hand
../data/new_annotations/train/PyIDO9qA2_g-000001295.jpg,261,3,447,356,hand
../data/new_annotations/train/PyIDO9qA2_g-000001511.jpg,,,,,
../data/new_annotations/train/PyIDO9qA2_g-000001727.jpg,,,,,
../data/new_annotations/train/PyIDO9qA2_g-000001943.jpg,,,,,
../data/new_annotations/train/PyIDO9qA2_g-000002159.jpg,9,1,377,237,hand
../data/new_annotations/train/PyIDO9qA2_g-000002591.jpg,,,,,
../data/new_annotations/train/qz_dOdnqAnk-000020327.jpg,54,0,283,147,hand
../data/new_annotations/train/qz_dOdnqAnk-000037267.jpg,59,99,268,185,needledriver
../data/new_annotations/train/qz_dOdnqAnk-000037267.jpg,1,119,99,272,hand
../data/new_annotations/train/qz_dOdnqAnk-000040655.jpg,,,,,
../data/new_annotations/train/rtJzPBn6FWw-000001939.jpg,217,221,435,305,hand
../data/new_annotations/train/rtJzPBn6FWw-000001939.jpg,132,126,198,304,needledriver
../data/new_annotations/train/rtJzPBn6FWw-000002327.jpg,72,122,183,304,needledriver
../data/new_annotations/train/rtJzPBn6FWw-000002327.jpg,270,45,372,129,needledriver
../data/new_annotations/train/rtJzPBn6FWw-000002715.jpg,,,,,
../data/new_annotations/train/rtJzPBn6FWw-000003103.jpg,,,,,
../data/new_annotations/train/rtJzPBn6FWw-000003491.jpg,223,180,272,304,needledriver
../data/new_annotations/train/rtJzPBn6FWw-000003879.jpg,247,195,302,304,needledriver
../data/new_annotations/train/rtJzPBn6FWw-000004267.jpg,,,,,
../data/new_annotations/train/rtJzPBn6FWw-000004655.jpg,15,139,144,241,needledriver
../data/new_annotations/train/sayim_KU_8c-000000650.jpg,,,,,
../data/new_annotations/train/sayim_KU_8c-000000867.jpg,,,,,
../data/new_annotations/train/sayim_KU_8c-000001084.jpg,,,,,
../data/new_annotations/train/sayim_KU_8c-000001301.jpg,185,114,261,168,hand
../data/new_annotations/train/sayim_KU_8c-000001518.jpg,289,7,477,262,hand
../data/new_annotations/train/sayim_KU_8c-000001735.jpg,364,0,477,357,hand
../data/new_annotations/train/sayim_KU_8c-000001952.jpg,,,,,
../data/new_annotations/train/sayim_KU_8c-000002169.jpg,,,,,
../data/new_annotations/train/sayim_KU_8c-000002386.jpg,,,,,
../data/new_annotations/train/sayim_KU_8c-000002603.jpg,,,,,
../data/new_annotations/train/sL5tVxz89i4-000004508.jpg,0,0,239,171,hand
../data/new_annotations/train/sL5tVxz89i4-000004508.jpg,0,154,145,238,hand
../data/new_annotations/train/sL5tVxz89i4-000006011.jpg,123,0,318,165,hand
../data/new_annotations/train/sL5tVxz89i4-000006011.jpg,0,0,146,238,hand
../data/new_annotations/train/sWxGr_rj7rM-000001784.jpg,551,0,760,335,bovie
../data/new_annotations/train/sWxGr_rj7rM-000001784.jpg,461,389,1084,712,hand
../data/new_annotations/train/sWxGr_rj7rM-000002379.jpg,477,2,711,268,bovie
../data/new_annotations/train/sWxGr_rj7rM-000002379.jpg,161,0,574,226,hand
../data/new_annotations/train/sWxGr_rj7rM-000002974.jpg,893,0,1022,407,bovie
../data/new_annotations/train/sWxGr_rj7rM-000003569.jpg,,,,,
../data/new_annotations/train/sWxGr_rj7rM-000004164.jpg,506,0,810,398,bovie
../data/new_annotations/train/sWxGr_rj7rM-000004759.jpg,202,198,1119,712,hand
../data/new_annotations/train/sWxGr_rj7rM-000005354.jpg,326,1,1117,712,hand
../data/new_annotations/train/sWxGr_rj7rM-000005949.jpg,430,0,586,470,needledriver
../data/new_annotations/train/sWxGr_rj7rM-000006544.jpg,,,,,
../data/new_annotations/train/sWxGr_rj7rM-000007139.jpg,,,,,
../data/new_annotations/train/tnXv-7fulTY-000000683.jpg,,,,,
../data/new_annotations/train/tnXv-7fulTY-000000854.jpg,0,358,669,711,hand
../data/new_annotations/train/tnXv-7fulTY-000001025.jpg,935,1,1272,367,hand
../data/new_annotations/train/tnXv-7fulTY-000001709.jpg,392,371,566,712,forceps
../data/new_annotations/train/tnXv-7fulTY-000001709.jpg,932,216,1272,420,hand
../data/new_annotations/train/tnXv-7fulTY-000001709.jpg,20,454,683,712,hand
../data/new_annotations/train/tnXv-7fulTY-000001709.jpg,9,5,212,295,hand
../data/new_annotations/train/tnXv-7fulTY-000001880.jpg,1119,179,1272,333,hand
../data/new_annotations/train/TZ9IgsIMRW4-000000914.jpg,78,218,145,356,hand
../data/new_annotations/train/TZ9IgsIMRW4-000001219.jpg,316,88,466,316,hand
../data/new_annotations/train/TZ9IgsIMRW4-000001219.jpg,148,28,320,186,hand
../data/new_annotations/train/TZ9IgsIMRW4-000001524.jpg,89,140,353,288,hand
../data/new_annotations/train/TZ9IgsIMRW4-000001524.jpg,210,242,369,356,hand
../data/new_annotations/train/TZ9IgsIMRW4-000001829.jpg,252,165,452,356,hand
../data/new_annotations/train/TZ9IgsIMRW4-000001829.jpg,360,250,559,356,hand
../data/new_annotations/train/TZ9IgsIMRW4-000001829.jpg,489,150,580,267,hand
../data/new_annotations/train/TZ9IgsIMRW4-000002134.jpg,210,150,401,329,hand
../data/new_annotations/train/TZ9IgsIMRW4-000002439.jpg,166,155,371,340,needledriver
../data/new_annotations/train/TZ9IgsIMRW4-000002439.jpg,73,204,395,356,hand
../data/new_annotations/train/TZ9IgsIMRW4-000002744.jpg,259,0,529,356,hand
../data/new_annotations/train/TZ9IgsIMRW4-000002744.jpg,78,79,195,255,hand
../data/new_annotations/train/TZ9IgsIMRW4-000003049.jpg,80,138,245,333,hand
../data/new_annotations/train/TZ9IgsIMRW4-000003049.jpg,405,0,557,356,hand
../data/new_annotations/train/TZ9IgsIMRW4-000003049.jpg,315,135,490,295,hand
../data/new_annotations/train/TZ9IgsIMRW4-000003354.jpg,78,110,369,301,hand
../data/new_annotations/train/unQH_a-Rm-I-000000656.jpg,425,0,606,488,needledriver
../data/new_annotations/train/unQH_a-Rm-I-000000656.jpg,618,0,678,173,needledriver
../data/new_annotations/train/unQH_a-Rm-I-000000656.jpg,721,6,1125,604,hand
../data/new_annotations/train/unQH_a-Rm-I-000000656.jpg,153,0,561,460,hand
../data/new_annotations/train/unQH_a-Rm-I-000000875.jpg,926,338,1121,483,forceps
../data/new_annotations/train/unQH_a-Rm-I-000000875.jpg,464,0,666,347,needledriver
../data/new_annotations/train/unQH_a-Rm-I-000000875.jpg,157,108,848,712,hand
../data/new_annotations/train/unQH_a-Rm-I-000001094.jpg,160,0,604,435,needledriver
../data/new_annotations/train/unQH_a-Rm-I-000001094.jpg,147,444,630,712,hand
../data/new_annotations/train/unQH_a-Rm-I-000001094.jpg,693,551,1008,712,hand
../data/new_annotations/train/unQH_a-Rm-I-000001094.jpg,753,5,1125,437,hand
../data/new_annotations/train/unQH_a-Rm-I-000001313.jpg,269,0,734,658,needledriver
../data/new_annotations/train/unQH_a-Rm-I-000001313.jpg,164,24,476,701,hand
../data/new_annotations/train/unQH_a-Rm-I-000001313.jpg,732,0,1118,592,hand
../data/new_annotations/train/unQH_a-Rm-I-000001532.jpg,157,170,470,570,hand
../data/new_annotations/train/unQH_a-Rm-I-000001751.jpg,160,319,553,418,needledriver
../data/new_annotations/train/unQH_a-Rm-I-000001970.jpg,161,125,548,660,needledriver
../data/new_annotations/train/unQH_a-Rm-I-000001970.jpg,638,0,937,672,needledriver
../data/new_annotations/train/unQH_a-Rm-I-000002189.jpg,604,0,859,159,needledriver
../data/new_annotations/train/unQH_a-Rm-I-000002189.jpg,770,256,1121,503,forceps
../data/new_annotations/train/unQH_a-Rm-I-000002408.jpg,,,,,
../data/new_annotations/train/unQH_a-Rm-I-000002627.jpg,160,233,522,352,needledriver
../data/new_annotations/train/uVvBlWpwopw-000000491.jpg,9,21,139,347,hand
../data/new_annotations/train/uVvBlWpwopw-000000491.jpg,19,1,204,165,hand
../data/new_annotations/train/uVvBlWpwopw-000000655.jpg,0,0,186,211,hand
../data/new_annotations/train/uVvBlWpwopw-000000819.jpg,9,137,132,354,hand
../data/new_annotations/train/uVvBlWpwopw-000000819.jpg,1,6,201,241,hand
../data/new_annotations/train/uVvBlWpwopw-000000819.jpg,255,12,477,360,hand
../data/new_annotations/train/uVvBlWpwopw-000001967.jpg,196,180,475,355,hand
../data/new_annotations/train/Uy2fFSuYfpE-000002399.jpg,511,230,1128,432,bovie
../data/new_annotations/train/Uy2fFSuYfpE-000002399.jpg,149,405,594,712,hand
../data/new_annotations/train/Uy2fFSuYfpE-000002399.jpg,595,86,1134,712,hand
../data/new_annotations/train/Uy2fFSuYfpE-000003199.jpg,179,1,668,388,bovie
../data/new_annotations/train/Uy2fFSuYfpE-000003199.jpg,801,1,1070,212,forceps
../data/new_annotations/train/Uy2fFSuYfpE-000003999.jpg,622,50,891,416,bovie
../data/new_annotations/train/Uy2fFSuYfpE-000003999.jpg,195,0,764,96,hand
../data/new_annotations/train/Uy2fFSuYfpE-000003999.jpg,907,0,1134,546,hand
../data/new_annotations/train/Uy2fFSuYfpE-000004799.jpg,573,240,1130,493,bovie
../data/new_annotations/train/Uy2fFSuYfpE-000004799.jpg,664,528,1091,712,hand
../data/new_annotations/train/Uy2fFSuYfpE-000005599.jpg,828,268,1137,540,bovie
../data/new_annotations/train/Uy2fFSuYfpE-000005599.jpg,993,0,1130,345,hand
../data/new_annotations/train/Uy2fFSuYfpE-000006399.jpg,655,447,1134,633,bovie
../data/new_annotations/train/Uy2fFSuYfpE-000006399.jpg,501,609,917,712,hand
../data/new_annotations/train/Uy2fFSuYfpE-000006399.jpg,1070,380,1134,579,hand
../data/new_annotations/train/Uy2fFSuYfpE-000007199.jpg,496,342,1134,604,bovie
../data/new_annotations/train/Uy2fFSuYfpE-000007199.jpg,353,607,1104,712,hand
../data/new_annotations/train/Uy2fFSuYfpE-000007199.jpg,937,270,1134,623,hand
../data/new_annotations/train/Uy2fFSuYfpE-000007999.jpg,,,,,
../data/new_annotations/train/Uy2fFSuYfpE-000009599.jpg,700,0,1128,341,needledriver
../data/new_annotations/train/Uy2fFSuYfpE-000009599.jpg,873,285,1138,580,hand
../data/new_annotations/train/Uy2fFSuYfpE-000009599.jpg,322,0,498,379,needledriver
../data/new_annotations/train/U_vxJyjmEZ0-000000563.jpg,,,,,
../data/new_annotations/train/U_vxJyjmEZ0-000000751.jpg,,,,,
../data/new_annotations/train/U_vxJyjmEZ0-000000939.jpg,452,0,636,153,hand
../data/new_annotations/train/U_vxJyjmEZ0-000000939.jpg,0,0,189,124,hand
../data/new_annotations/train/U_vxJyjmEZ0-000001127.jpg,,,,,
../data/new_annotations/train/U_vxJyjmEZ0-000001315.jpg,,,,,
../data/new_annotations/train/U_vxJyjmEZ0-000001503.jpg,191,0,240,74,needledriver
../data/new_annotations/train/U_vxJyjmEZ0-000001503.jpg,132,2,636,356,hand
../data/new_annotations/train/U_vxJyjmEZ0-000001691.jpg,340,188,636,322,forceps
../data/new_annotations/train/U_vxJyjmEZ0-000001691.jpg,319,0,356,199,needledriver
../data/new_annotations/train/U_vxJyjmEZ0-000001691.jpg,392,62,636,356,hand
../data/new_annotations/train/U_vxJyjmEZ0-000001879.jpg,214,0,263,131,needledriver
../data/new_annotations/train/U_vxJyjmEZ0-000001879.jpg,204,115,326,356,forceps
../data/new_annotations/train/U_vxJyjmEZ0-000001879.jpg,204,49,636,356,hand
../data/new_annotations/train/U_vxJyjmEZ0-000002067.jpg,216,0,274,102,needledriver
../data/new_annotations/train/U_vxJyjmEZ0-000002067.jpg,254,0,636,200,hand
../data/new_annotations/train/U_vxJyjmEZ0-000002255.jpg,195,0,237,114,needledriver
../data/new_annotations/train/U_vxJyjmEZ0-000002255.jpg,289,2,636,234,hand
../data/new_annotations/train/V3Fd-cRcdCA-000001247.jpg,161,141,389,277,hand
../data/new_annotations/train/V3Fd-cRcdCA-000001247.jpg,345,312,384,360,bovie
../data/new_annotations/train/V3Fd-cRcdCA-000001663.jpg,122,33,438,258,hand
../data/new_annotations/train/V3Fd-cRcdCA-000001663.jpg,398,58,477,221,hand
../data/new_annotations/train/V3Fd-cRcdCA-000002079.jpg,89,183,285,283,hand
../data/new_annotations/train/V3Fd-cRcdCA-000002079.jpg,177,262,309,357,hand
../data/new_annotations/train/V3Fd-cRcdCA-000002495.jpg,88,89,289,229,hand
../data/new_annotations/train/V3Fd-cRcdCA-000002495.jpg,383,59,477,166,hand
../data/new_annotations/train/V3Fd-cRcdCA-000002495.jpg,110,225,273,353,hand
../data/new_annotations/train/V3Fd-cRcdCA-000002911.jpg,110,66,409,194,hand
../data/new_annotations/train/V3Fd-cRcdCA-000002911.jpg,67,215,331,356,hand
../data/new_annotations/train/V3Fd-cRcdCA-000003327.jpg,111,78,416,229,hand
../data/new_annotations/train/V3Fd-cRcdCA-000003327.jpg,180,180,393,357,hand
../data/new_annotations/train/V3Fd-cRcdCA-000004991.jpg,233,160,251,241,needledriver
../data/new_annotations/train/V3Fd-cRcdCA-000004991.jpg,184,202,285,345,hand
../data/new_annotations/train/V3Fd-cRcdCA-000004991.jpg,106,103,213,169,hand
../data/new_annotations/train/V7vkRKaUkn8-000002249.jpg,,,,,
../data/new_annotations/train/V7vkRKaUkn8-000002999.jpg,,,,,
../data/new_annotations/train/V7vkRKaUkn8-000003749.jpg,,,,,
../data/new_annotations/train/V7vkRKaUkn8-000004499.jpg,190,110,318,238,hand
../data/new_annotations/train/V7vkRKaUkn8-000004499.jpg,57,153,196,238,hand
../data/new_annotations/train/V7vkRKaUkn8-000005249.jpg,,,,,
../data/new_annotations/train/V7vkRKaUkn8-000005998.jpg,,,,,
../data/new_annotations/train/V7vkRKaUkn8-000007498.jpg,111,1,318,81,hand
../data/new_annotations/train/VFyJ65hEF3k-000000656.jpg,673,0,1018,426,bovie
../data/new_annotations/train/VFyJ65hEF3k-000000656.jpg,586,437,983,712,hand
../data/new_annotations/train/VFyJ65hEF3k-000000656.jpg,735,0,1228,216,hand
../data/new_annotations/train/VFyJ65hEF3k-000000875.jpg,341,295,1028,646,needledriver
../data/new_annotations/train/VFyJ65hEF3k-000000875.jpg,103,302,639,712,hand
../data/new_annotations/train/VFyJ65hEF3k-000000875.jpg,618,316,1175,667,hand
../data/new_annotations/train/VFyJ65hEF3k-000001094.jpg,508,179,870,712,bovie
../data/new_annotations/train/VFyJ65hEF3k-000001094.jpg,429,156,1102,535,needledriver
../data/new_annotations/train/VFyJ65hEF3k-000001094.jpg,444,139,1104,405,needledriver
../data/new_annotations/train/VFyJ65hEF3k-000001094.jpg,178,155,716,712,hand
../data/new_annotations/train/VFyJ65hEF3k-000001094.jpg,558,261,1154,712,hand
../data/new_annotations/train/VFyJ65hEF3k-000001970.jpg,756,334,1102,712,needledriver
../data/new_annotations/train/VFyJ65hEF3k-000002627.jpg,699,175,1272,618,needledriver
../data/new_annotations/train/VFyJ65hEF3k-000002627.jpg,624,178,770,691,needledriver
../data/new_annotations/train/VFyJ65hEF3k-000002627.jpg,711,263,1164,712,hand
../data/new_annotations/train/VL_UNwlWd3c-000001562.jpg,247,2,636,356,hand
../data/new_annotations/train/VL_UNwlWd3c-000001562.jpg,0,23,275,356,hand
../data/new_annotations/train/VL_UNwlWd3c-000002604.jpg,353,20,636,153,bovie
../data/new_annotations/train/VL_UNwlWd3c-000002604.jpg,0,203,279,356,hand
../data/new_annotations/train/VL_UNwlWd3c-000002604.jpg,0,10,305,225,hand
../data/new_annotations/train/VL_UNwlWd3c-000002604.jpg,172,0,382,69,hand
../data/new_annotations/train/VL_UNwlWd3c-000002604.jpg,400,2,631,144,hand
../data/new_annotations/train/VL_UNwlWd3c-000002604.jpg,311,288,507,356,hand
../data/new_annotations/train/VL_UNwlWd3c-000002604.jpg,511,6,636,178,hand
../data/new_annotations/train/VL_UNwlWd3c-000003646.jpg,311,242,374,356,needledriver
../data/new_annotations/train/VL_UNwlWd3c-000003646.jpg,334,209,426,356,needledriver
../data/new_annotations/train/VL_UNwlWd3c-000003646.jpg,237,1,636,180,hand
../data/new_annotations/train/VL_UNwlWd3c-000005209.jpg,327,10,636,76,needledriver
../data/new_annotations/train/VL_UNwlWd3c-000005209.jpg,217,120,396,356,forceps
../data/new_annotations/train/VL_UNwlWd3c-000005209.jpg,199,180,476,356,hand
../data/new_annotations/train/VL_UNwlWd3c-000005209.jpg,553,0,636,78,hand
../data/new_annotations/train/VL_UNwlWd3c-000005730.jpg,0,0,378,300,hand
../data/new_annotations/train/VL_UNwlWd3c-000005730.jpg,455,0,636,71,hand
../data/new_annotations/train/VL_UNwlWd3c-000006251.jpg,0,5,329,296,hand
../data/new_annotations/train/Vnab8vZQcK8-000001135.jpg,,,,,
../data/new_annotations/train/Vnab8vZQcK8-000001419.jpg,0,0,372,265,hand
../data/new_annotations/train/Vnab8vZQcK8-000001703.jpg,98,132,533,357,hand
../data/new_annotations/train/Vnab8vZQcK8-000002839.jpg,0,128,443,202,needledriver
../data/new_annotations/train/Vnab8vZQcK8-000003123.jpg,0,0,408,357,hand
../data/new_annotations/train/Vnab8vZQcK8-000003407.jpg,0,0,368,293,hand
../data/new_annotations/train/VsKw5d-4rq8-000004541.jpg,0,101,266,150,forceps
../data/new_annotations/train/VsKw5d-4rq8-000004541.jpg,218,200,444,354,hand
../data/new_annotations/train/VsKw5d-4rq8-000004541.jpg,0,59,190,290,hand
../data/new_annotations/train/VsKw5d-4rq8-000006055.jpg,237,166,523,354,needledriver
../data/new_annotations/train/VsKw5d-4rq8-000006055.jpg,0,127,253,180,forceps
../data/new_annotations/train/VsKw5d-4rq8-000006055.jpg,0,87,141,331,hand
../data/new_annotations/train/VsKw5d-4rq8-000006055.jpg,376,228,636,354,hand
../data/new_annotations/train/VsKw5d-4rq8-000007569.jpg,251,112,356,344,needledriver
../data/new_annotations/train/VsKw5d-4rq8-000007569.jpg,62,0,310,135,forceps
../data/new_annotations/train/VsKw5d-4rq8-000007569.jpg,0,0,235,223,hand
../data/new_annotations/train/VsKw5d-4rq8-000007569.jpg,248,193,537,354,hand
../data/new_annotations/train/VsKw5d-4rq8-000009083.jpg,0,0,286,131,forceps
../data/new_annotations/train/VsKw5d-4rq8-000009083.jpg,271,181,589,277,needledriver
../data/new_annotations/train/VsKw5d-4rq8-000009083.jpg,0,0,192,248,hand
../data/new_annotations/train/VsKw5d-4rq8-000009083.jpg,465,94,636,354,hand
../data/new_annotations/train/VsKw5d-4rq8-000010597.jpg,234,142,428,208,needledriver
../data/new_annotations/train/VsKw5d-4rq8-000010597.jpg,345,14,636,288,hand
../data/new_annotations/train/VsKw5d-4rq8-000012111.jpg,190,148,618,354,needledriver
../data/new_annotations/train/VsKw5d-4rq8-000012111.jpg,189,127,636,353,hand
../data/new_annotations/train/VsKw5d-4rq8-000013625.jpg,,,,,
../data/new_annotations/train/VsKw5d-4rq8-000015139.jpg,183,197,207,353,needledriver
../data/new_annotations/train/VsKw5d-4rq8-000015139.jpg,206,182,269,354,needledriver
../data/new_annotations/train/VsKw5d-4rq8-000015139.jpg,238,256,509,354,hand
../data/new_annotations/train/VsKw5d-4rq8-000016653.jpg,,,,,
../data/new_annotations/train/VsKw5d-4rq8-000018167.jpg,214,245,485,354,hand
../data/new_annotations/train/VtJtGtC3R80-000001955.jpg,0,88,293,355,hand
../data/new_annotations/train/VtJtGtC3R80-000002607.jpg,,,,,
../data/new_annotations/train/VtJtGtC3R80-000003259.jpg,,,,,
../data/new_annotations/train/VtJtGtC3R80-000003911.jpg,0,0,398,355,hand
../data/new_annotations/train/VtJtGtC3R80-000005867.jpg,9,68,432,359,hand
../data/new_annotations/train/VtJtGtC3R80-000006519.jpg,1,154,347,291,needledriver
../data/new_annotations/train/VtJtGtC3R80-000006519.jpg,63,147,351,360,needledriver
../data/new_annotations/train/VtJtGtC3R80-000007171.jpg,,,,,
../data/new_annotations/train/VtJtGtC3R80-000007823.jpg,,,,,
../data/new_annotations/train/vtK1XN4ZaU4-000000968.jpg,0,0,344,214,hand
../data/new_annotations/train/vtK1XN4ZaU4-000003552.jpg,214,253,425,309,bovie
../data/new_annotations/train/vtK1XN4ZaU4-000003875.jpg,,,,,
../data/new_annotations/train/V_kW8dMjGX0-000000554.jpg,291,206,410,338,needledriver
../data/new_annotations/train/V_kW8dMjGX0-000000554.jpg,33,0,270,194,hand
../data/new_annotations/train/V_kW8dMjGX0-000000739.jpg,194,127,254,180,needledriver
../data/new_annotations/train/V_kW8dMjGX0-000000739.jpg,0,4,181,206,hand
../data/new_annotations/train/V_kW8dMjGX0-000000739.jpg,316,119,449,236,hand
../data/new_annotations/train/V_kW8dMjGX0-000000739.jpg,353,208,499,317,hand
../data/new_annotations/train/V_kW8dMjGX0-000000739.jpg,197,144,381,324,hand
../data/new_annotations/train/V_kW8dMjGX0-000000924.jpg,312,93,472,240,hand
../data/new_annotations/train/V_kW8dMjGX0-000000924.jpg,333,251,539,356,hand
../data/new_annotations/train/V_kW8dMjGX0-000001109.jpg,188,93,497,356,hand
../data/new_annotations/train/V_kW8dMjGX0-000001109.jpg,363,49,590,200,hand
../data/new_annotations/train/V_kW8dMjGX0-000001109.jpg,425,192,636,356,hand
../data/new_annotations/train/V_kW8dMjGX0-000001294.jpg,75,129,412,356,hand
../data/new_annotations/train/V_kW8dMjGX0-000001294.jpg,344,4,550,166,hand
../data/new_annotations/train/V_kW8dMjGX0-000001479.jpg,338,2,539,190,hand
../data/new_annotations/train/V_kW8dMjGX0-000001479.jpg,237,57,463,270,hand
../data/new_annotations/train/V_kW8dMjGX0-000001664.jpg,,,,,
../data/new_annotations/train/V_kW8dMjGX0-000001849.jpg,138,196,334,356,needledriver
../data/new_annotations/train/V_kW8dMjGX0-000001849.jpg,122,0,315,201,forceps
../data/new_annotations/train/V_kW8dMjGX0-000001849.jpg,0,2,248,213,hand
../data/new_annotations/train/V_kW8dMjGX0-000001849.jpg,472,13,636,236,hand
../data/new_annotations/train/wEivan1FAIA-000001349.jpg,218,15,318,170,bovie
../data/new_annotations/train/wEivan1FAIA-000001349.jpg,211,148,430,269,hand
../data/new_annotations/train/wEivan1FAIA-000001349.jpg,14,167,215,269,hand
../data/new_annotations/train/wEivan1FAIA-000001349.jpg,234,8,431,150,hand
../data/new_annotations/train/wEivan1FAIA-000001799.jpg,10,60,477,269,hand
../data/new_annotations/train/wEivan1FAIA-000001799.jpg,333,0,477,118,hand
../data/new_annotations/train/wEivan1FAIA-000001799.jpg,0,21,182,111,hand
../data/new_annotations/train/wEivan1FAIA-000001799.jpg,128,0,294,81,hand
../data/new_annotations/train/wEivan1FAIA-000002699.jpg,236,1,344,151,bovie
../data/new_annotations/train/wEivan1FAIA-000002699.jpg,0,0,243,148,hand
../data/new_annotations/train/wEivan1FAIA-000002699.jpg,253,1,476,96,hand
../data/new_annotations/train/wEivan1FAIA-000002699.jpg,263,83,475,268,hand
../data/new_annotations/train/wEivan1FAIA-000002699.jpg,104,111,137,271,forceps
../data/new_annotations/train/wEivan1FAIA-000003149.jpg,0,101,237,174,forceps
../data/new_annotations/train/wEivan1FAIA-000003149.jpg,1,88,195,269,hand
../data/new_annotations/train/wEivan1FAIA-000003599.jpg,347,0,437,116,bovie
../data/new_annotations/train/wEivan1FAIA-000003599.jpg,174,50,345,201,hand
../data/new_annotations/train/wEivan1FAIA-000003599.jpg,128,116,351,269,hand
../data/new_annotations/train/wEivan1FAIA-000003599.jpg,214,0,376,46,hand
../data/new_annotations/train/wEivan1FAIA-000004049.jpg,55,190,109,272,forceps
../data/new_annotations/train/wEivan1FAIA-000004499.jpg,101,161,386,269,hand
../data/new_annotations/train/wEivan1FAIA-000004949.jpg,213,109,397,269,hand
../data/new_annotations/train/wEivan1FAIA-000004949.jpg,16,45,222,238,hand
../data/new_annotations/train/wEivan1FAIA-000004949.jpg,262,0,351,21,hand
../data/new_annotations/train/wEivan1FAIA-000005399.jpg,224,97,476,268,hand
../data/new_annotations/train/wEivan1FAIA-000005399.jpg,394,34,429,170,forceps
../data/new_annotations/train/WTO1F3NG8PE-000002675.jpg,254,196,361,358,needledriver
../data/new_annotations/train/WTO1F3NG8PE-000002675.jpg,21,230,171,338,needledriver
../data/new_annotations/train/WTO1F3NG8PE-000002675.jpg,31,283,241,359,hand
../data/new_annotations/train/WTO1F3NG8PE-000003567.jpg,313,77,476,113,bovie
../data/new_annotations/train/WTO1F3NG8PE-000003567.jpg,328,59,476,271,hand
../data/new_annotations/train/WTO1F3NG8PE-000003567.jpg,1,1,177,110,hand
../data/new_annotations/train/WTO1F3NG8PE-000003567.jpg,94,1,226,92,forceps
../data/new_annotations/train/WTO1F3NG8PE-000004459.jpg,138,111,342,357,hand
../data/new_annotations/train/WTO1F3NG8PE-000004459.jpg,1,46,129,174,hand
../data/new_annotations/train/WTO1F3NG8PE-000004459.jpg,250,1,419,255,hand
../data/new_annotations/train/WTO1F3NG8PE-000004459.jpg,1,66,177,181,forceps
../data/new_annotations/train/WTO1F3NG8PE-000005351.jpg,171,0,333,237,hand
../data/new_annotations/train/WTO1F3NG8PE-000005351.jpg,94,293,236,357,hand
../data/new_annotations/train/WTO1F3NG8PE-000005351.jpg,0,47,159,181,hand
../data/new_annotations/train/WTO1F3NG8PE-000005351.jpg,153,274,193,360,bovie
../data/new_annotations/train/WTO1F3NG8PE-000006243.jpg,184,122,400,357,hand
../data/new_annotations/train/WTO1F3NG8PE-000006243.jpg,0,54,183,205,hand
../data/new_annotations/train/WTO1F3NG8PE-000006243.jpg,261,1,369,61,hand
../data/new_annotations/train/WTO1F3NG8PE-000006243.jpg,303,117,441,165,bovie
../data/new_annotations/train/WTO1F3NG8PE-000007135.jpg,31,169,277,346,bovie
../data/new_annotations/train/WTO1F3NG8PE-000007135.jpg,38,191,274,356,hand
../data/new_annotations/train/WTO1F3NG8PE-000007135.jpg,197,0,319,58,hand
../data/new_annotations/train/WTO1F3NG8PE-000007135.jpg,7,0,203,130,hand
../data/new_annotations/train/WTO1F3NG8PE-000008027.jpg,202,84,476,357,hand
../data/new_annotations/train/WTO1F3NG8PE-000008027.jpg,60,0,320,294,hand
../data/new_annotations/train/WTO1F3NG8PE-000008027.jpg,134,0,277,65,hand
../data/new_annotations/train/x98rpVdG96Y-000000527.jpg,,,,,
../data/new_annotations/train/x98rpVdG96Y-000001055.jpg,,,,,
../data/new_annotations/train/x98rpVdG96Y-000001231.jpg,,,,,
../data/new_annotations/train/x98rpVdG96Y-000001407.jpg,,,,,
../data/new_annotations/train/x98rpVdG96Y-000001583.jpg,,,,,
../data/new_annotations/train/x98rpVdG96Y-000001935.jpg,,,,,
../data/new_annotations/train/x98rpVdG96Y-000002111.jpg,,,,,
../data/new_annotations/train/XfnUomzjvfs-000004013.jpg,,,,,
../data/new_annotations/train/XfnUomzjvfs-000005351.jpg,,,,,
../data/new_annotations/train/XfnUomzjvfs-000006689.jpg,443,234,1018,586,hand
../data/new_annotations/train/XfnUomzjvfs-000008027.jpg,332,87,1028,317,hand
../data/new_annotations/train/XfnUomzjvfs-000008027.jpg,327,302,1091,612,hand
../data/new_annotations/train/XfnUomzjvfs-000008027.jpg,1086,219,1272,525,hand
../data/new_annotations/train/XfnUomzjvfs-000009365.jpg,,,,,
../data/new_annotations/train/XfnUomzjvfs-000010703.jpg,369,475,854,624,hand
../data/new_annotations/train/XfnUomzjvfs-000010703.jpg,320,93,817,284,hand
../data/new_annotations/train/XfnUomzjvfs-000010703.jpg,1016,87,1272,570,hand
../data/new_annotations/train/XfnUomzjvfs-000012041.jpg,316,413,1047,633,needledriver
../data/new_annotations/train/XfnUomzjvfs-000012041.jpg,910,185,1272,372,needledriver
../data/new_annotations/train/XfnUomzjvfs-000013379.jpg,,,,,
../data/new_annotations/train/XfnUomzjvfs-000014717.jpg,963,86,1272,467,hand
../data/new_annotations/train/XfnUomzjvfs-000016055.jpg,,,,,
../data/new_annotations/train/Xg6vD3vngLQ-000000487.jpg,221,234,373,347,hand
../data/new_annotations/train/Xg6vD3vngLQ-000000487.jpg,90,3,373,213,hand
../data/new_annotations/train/Xg6vD3vngLQ-000000487.jpg,296,3,475,55,hand
../data/new_annotations/train/Xg6vD3vngLQ-000000609.jpg,240,261,373,349,hand
../data/new_annotations/train/Xg6vD3vngLQ-000000609.jpg,92,6,337,180,hand
../data/new_annotations/train/Xg6vD3vngLQ-000000609.jpg,292,4,471,61,hand
../data/new_annotations/train/Xg6vD3vngLQ-000000731.jpg,238,241,382,349,hand
../data/new_annotations/train/Xg6vD3vngLQ-000000731.jpg,94,2,345,180,hand
../data/new_annotations/train/Xg6vD3vngLQ-000000731.jpg,300,3,467,59,hand
../data/new_annotations/train/Xg6vD3vngLQ-000000853.jpg,164,164,237,356,needledriver
../data/new_annotations/train/Xg6vD3vngLQ-000000853.jpg,111,263,213,350,hand
../data/new_annotations/train/Xg6vD3vngLQ-000000853.jpg,91,3,338,167,hand
../data/new_annotations/train/Xg6vD3vngLQ-000000853.jpg,309,2,492,43,hand
../data/new_annotations/train/Xg6vD3vngLQ-000000975.jpg,178,154,275,341,needledriver
../data/new_annotations/train/Xg6vD3vngLQ-000000975.jpg,91,5,320,184,hand
../data/new_annotations/train/Xg6vD3vngLQ-000000975.jpg,301,4,462,30,hand
../data/new_annotations/train/Xg6vD3vngLQ-000001097.jpg,194,194,269,350,needledriver
../data/new_annotations/train/Xg6vD3vngLQ-000001097.jpg,92,5,304,193,hand
../data/new_annotations/train/Xg6vD3vngLQ-000001219.jpg,184,193,384,349,hand
../data/new_annotations/train/Xg6vD3vngLQ-000001219.jpg,90,4,279,214,hand
../data/new_annotations/train/Xg6vD3vngLQ-000001219.jpg,312,2,451,28,hand
../data/new_annotations/train/ZP58Wx0QaWE-000000440.jpg,151,120,564,702,bovie
../data/new_annotations/train/ZP58Wx0QaWE-000000440.jpg,0,303,757,712,hand
../data/new_annotations/train/ZP58Wx0QaWE-000000587.jpg,0,2,936,539,hand
../data/new_annotations/train/ZP58Wx0QaWE-000000734.jpg,144,172,816,559,bovie
../data/new_annotations/train/ZP58Wx0QaWE-000000734.jpg,1,197,751,711,hand
../data/new_annotations/train/ZP58Wx0QaWE-000000734.jpg,3,1,679,310,hand
../data/new_annotations/train/ZP58Wx0QaWE-000000881.jpg,428,244,661,716,bovie
../data/new_annotations/train/ZP58Wx0QaWE-000001028.jpg,529,210,618,367,bovie
../data/new_annotations/train/ZP58Wx0QaWE-000001028.jpg,0,0,617,574,hand
../data/new_annotations/train/ZP58Wx0QaWE-000001028.jpg,710,8,1272,712,hand
../data/new_annotations/train/ZP58Wx0QaWE-000001175.jpg,226,214,1011,709,bovie
../data/new_annotations/train/ZP58Wx0QaWE-000001175.jpg,286,28,729,289,needledriver
../data/new_annotations/train/ZP58Wx0QaWE-000001175.jpg,443,428,890,712,hand
../data/new_annotations/train/ZP58Wx0QaWE-000001175.jpg,0,489,364,712,hand
../data/new_annotations/train/ZP58Wx0QaWE-000001175.jpg,700,5,1004,84,hand
../data/new_annotations/train/ZP58Wx0QaWE-000001322.jpg,544,2,1272,537,hand
../data/new_annotations/train/ZP58Wx0QaWE-000001469.jpg,564,279,936,677,bovie
../data/new_annotations/train/ZP58Wx0QaWE-000001469.jpg,251,331,1018,712,hand
../data/new_annotations/train/ZP58Wx0QaWE-000001616.jpg,,,,,
../data/new_annotations/train/ZP58Wx0QaWE-000001763.jpg,404,439,560,504,bovie
../data/new_annotations/train/ZP58Wx0QaWE-000001763.jpg,421,0,1272,712,hand
../data/new_annotations/train/ZP58Wx0QaWE-000001763.jpg,0,63,460,456,hand
../data/new_annotations/train/ZP58Wx0QaWE-000001763.jpg,5,339,417,712,hand
../data/new_annotations/train/ZXQPWRUdFqc-000000806.jpg,0,206,270,357,hand
../data/new_annotations/train/ZXQPWRUdFqc-000000806.jpg,7,0,279,118,hand
../data/new_annotations/train/ZXQPWRUdFqc-000001075.jpg,,,,,
../data/new_annotations/train/ZXQPWRUdFqc-000001344.jpg,118,198,154,350,needledriver
../data/new_annotations/train/ZXQPWRUdFqc-000001344.jpg,143,182,206,357,needledriver
../data/new_annotations/train/ZXQPWRUdFqc-000001344.jpg,193,240,238,357,needledriver
../data/new_annotations/train/ZXQPWRUdFqc-000001344.jpg,122,210,177,357,needledriver
../data/new_annotations/train/ZXQPWRUdFqc-000001344.jpg,1,51,198,314,hand
../data/new_annotations/train/ZXQPWRUdFqc-000001613.jpg,19,173,220,200,needledriver
../data/new_annotations/train/ZXQPWRUdFqc-000001613.jpg,43,235,229,357,needledriver
../data/new_annotations/train/ZXQPWRUdFqc-000001613.jpg,315,233,390,357,needledriver
../data/new_annotations/train/ZXQPWRUdFqc-000001613.jpg,242,4,264,172,needledriver
../data/new_annotations/train/ZXQPWRUdFqc-000001613.jpg,276,0,337,171,needledriver
../data/new_annotations/train/ZXQPWRUdFqc-000001613.jpg,327,158,477,226,needledriver
../data/new_annotations/train/ZXQPWRUdFqc-000001613.jpg,205,265,325,357,hand
../data/new_annotations/train/ZXQPWRUdFqc-000001613.jpg,318,260,477,356,hand
../data/new_annotations/train/ZXQPWRUdFqc-000001613.jpg,0,137,41,208,hand
../data/new_annotations/train/ZXQPWRUdFqc-000001882.jpg,149,282,231,356,needledriver
../data/new_annotations/train/ZXQPWRUdFqc-000001882.jpg,0,146,219,239,needledriver
../data/new_annotations/train/ZXQPWRUdFqc-000001882.jpg,53,0,228,212,needledriver
../data/new_annotations/train/ZXQPWRUdFqc-000001882.jpg,220,252,369,357,hand
../data/new_annotations/train/ZXQPWRUdFqc-000001882.jpg,395,0,477,259,hand
../data/new_annotations/train/ZXQPWRUdFqc-000001882.jpg,0,0,159,145,hand
../data/new_annotations/train/ZXQPWRUdFqc-000002151.jpg,285,265,476,334,needledriver
../data/new_annotations/train/ZXQPWRUdFqc-000002151.jpg,268,276,452,351,needledriver
../data/new_annotations/train/ZXQPWRUdFqc-000002420.jpg,269,144,477,201,needledriver
../data/new_annotations/train/ZXQPWRUdFqc-000002420.jpg,66,180,293,357,hand
../data/new_annotations/train/ZXQPWRUdFqc-000002689.jpg,106,279,286,355,hand
../data/new_annotations/train/ZXQPWRUdFqc-000002689.jpg,257,304,341,360,forceps
../data/new_annotations/train/ZXQPWRUdFqc-000002958.jpg,172,214,317,266,forceps
../data/new_annotations/train/ZXQPWRUdFqc-000002958.jpg,46,146,312,357,hand
../data/new_annotations/train/ZXQPWRUdFqc-000003227.jpg,,,,,
../data/new_annotations/train/_35HaYVPBIA-000000365.jpg,0,150,147,358,hand
../data/new_annotations/train/_35HaYVPBIA-000000365.jpg,149,107,200,340,hand
../data/new_annotations/train/_35HaYVPBIA-000000365.jpg,0,0,42,127,hand
../data/new_annotations/train/_35HaYVPBIA-000000487.jpg,0,0,48,127,hand
../data/new_annotations/train/_35HaYVPBIA-000000731.jpg,95,0,200,114,bovie
../data/new_annotations/train/_35HaYVPBIA-000000731.jpg,0,0,28,79,hand
../data/new_annotations/train/_35HaYVPBIA-000000731.jpg,0,96,127,358,hand
../data/new_annotations/train/_35HaYVPBIA-000000731.jpg,81,109,200,356,hand
../data/new_annotations/train/_35HaYVPBIA-000000731.jpg,138,0,200,69,hand
../data/new_annotations/train/_35HaYVPBIA-000000975.jpg,1,109,200,358,hand
../data/new_annotations/train/_35HaYVPBIA-000000975.jpg,1,1,90,108,hand
../data/new_annotations/train/_35HaYVPBIA-000000975.jpg,159,1,195,124,needledriver
../data/new_annotations/train/_35HaYVPBIA-000001097.jpg,121,66,200,134,needledriver
../data/new_annotations/train/_35HaYVPBIA-000001097.jpg,0,136,96,194,forceps
../data/new_annotations/train/_35HaYVPBIA-000001097.jpg,65,160,200,358,hand
../data/new_annotations/train/_35HaYVPBIA-000001097.jpg,0,0,80,135,hand
../data/new_annotations/train/_35HaYVPBIA-000001463.jpg,12,170,177,210,forceps
../data/new_annotations/train/_35HaYVPBIA-000001463.jpg,103,159,199,357,hand
../data/new_annotations/train/_35HaYVPBIA-000001463.jpg,1,118,54,233,hand
../data/new_annotations/train/_35HaYVPBIA-000001463.jpg,1,0,144,129,hand
